{
    "244.9": {
        "auroc": 0.9615217558636917,
        "auprc": 0.8821473791750615,
        "f1": 0.8919786096256684,
        "threshold": 0.27441403,
        "accuracy": 0.3380392156862745
    },
    "250.00": {
        "auroc": 0.815636081408952,
        "auprc": 0.7720135937259204,
        "f1": 0.7892089620484682,
        "threshold": 0.131135,
        "accuracy": 0.5072
    },
    "272.4": {
        "auroc": 0.9062625686806223,
        "auprc": 0.6004723531333142,
        "f1": 0.710889994472084,
        "threshold": 0.32382077,
        "accuracy": 0.2076103500761035
    },
    "33.24": {
        "auroc": 0.5959315765141009,
        "auprc": 0.014791116427907617,
        "f1": 0.040955631399317405,
        "threshold": 0.33486617,
        "accuracy": 0.0112
    },
    "38.93": {
        "auroc": 0.7197263498560448,
        "auprc": 0.3665964576420284,
        "f1": 0.4496253122398002,
        "threshold": 0.51774716,
        "accuracy": 0.2014354066985646
    },
    "427.31": {
        "auroc": 0.8234177889370767,
        "auprc": 0.8627496303526737,
        "f1": 0.90574456218628,
        "threshold": 0.10619441,
        "accuracy": 0.6835699797160243
    },
    "507.0": {
        "auroc": 0.39975624619134675,
        "auprc": 0.005791206248862456,
        "f1": 0.013761467889908258,
        "threshold": 0.05047574,
        "accuracy": 0.005454545454545455
    },
    "518.81": {
        "auroc": 0.7146355079519636,
        "auprc": 0.3851750999645197,
        "f1": 0.49943757030371205,
        "threshold": 0.60602206,
        "accuracy": 0.2152317880794702
    },
    "530.81": {
        "auroc": 0.9699863945578231,
        "auprc": 0.9487182437204392,
        "f1": 0.9226618705035972,
        "threshold": 0.20761259,
        "accuracy": 0.34782608695652173
    },
    "96.04": {
        "auroc": 0.6733983152673276,
        "auprc": 0.2959121448423935,
        "f1": 0.4015056461731493,
        "threshold": 0.7826481,
        "accuracy": 0.1697802197802198
    },
    "96.6": {
        "auroc": 0.2868473231989425,
        "auprc": 0.0013826803438367922,
        "f1": 0.0036496350364963502,
        "threshold": 0.35194948,
        "accuracy": 0.0013201320132013201
    },
    "96.72": {
        "auroc": 0.42589345357381425,
        "auprc": 0.010342099501146566,
        "f1": 0.025806451612903226,
        "threshold": 0.42181152,
        "accuracy": 0.011881188118811881
    },
    "37.22": {
        "auroc": 0.6490506301205563,
        "auprc": 0.6015372094423503,
        "f1": 0.63,
        "threshold": 0.22998211,
        "accuracy": 0.4308823529411765
    },
    "37.23": {
        "auroc": 0.661474348600097,
        "auprc": 0.6199013813159777,
        "f1": 0.6649746192893401,
        "threshold": 0.29921392,
        "accuracy": 0.46984126984126984
    },
    "401.9": {
        "auroc": 0.8346153158053405,
        "auprc": 0.5189828553658575,
        "f1": 0.6407245890640725,
        "threshold": 0.17531951,
        "accuracy": 0.2465478841870824
    },
    "412": {
        "auroc": 0.7546193853427896,
        "auprc": 0.17737396854626655,
        "f1": 0.35802469135802467,
        "threshold": 0.27332854,
        "accuracy": 0.09615384615384616
    },
    "88.56": {
        "auroc": 0.4666449120702732,
        "auprc": 0.20542213091917577,
        "f1": 0.37305699481865284,
        "threshold": 0.10982721,
        "accuracy": 0.22608695652173913
    },
    "V58.61": {
        "auroc": "undefined",
        "auprc": -0.0,
        "f1": 0.0,
        "threshold": 0.02289508,
        "accuracy": 0.0
    },
    "39.95": {
        "auroc": 0.6135483870967742,
        "auprc": 0.6416180512657486,
        "f1": 0.7881944444444444,
        "threshold": 0.061758824,
        "accuracy": 0.5974025974025974
    },
    "410.71": {
        "auroc": 0.6102941176470589,
        "auprc": 0.18352636951992218,
        "f1": 0.3448275862068966,
        "threshold": 0.2007666,
        "accuracy": 0.15454545454545454
    },
    "414.01": {
        "auroc": 0.5427713634095931,
        "auprc": 0.2673406759921334,
        "f1": 0.4744394618834081,
        "threshold": 0.17590961,
        "accuracy": 0.26978922716627635
    },
    "424.0": {
        "auroc": 0.8886953054573191,
        "auprc": 0.8755668070849524,
        "f1": 0.8576329331046312,
        "threshold": 0.10816226,
        "accuracy": 0.5690721649484536
    },
    "428.0": {
        "auroc": 0.7504469056640435,
        "auprc": 0.7305787719338014,
        "f1": 0.7754155392346347,
        "threshold": 0.21421747,
        "accuracy": 0.538083538083538
    },
    "486": {
        "auroc": 0.748507152574984,
        "auprc": 0.668751026758638,
        "f1": 0.7133620689655172,
        "threshold": 0.28198072,
        "accuracy": 0.46785714285714286
    },
    "599.0": {
        "auroc": 0.8185857336219998,
        "auprc": 0.705618523745612,
        "f1": 0.7599754450583179,
        "threshold": 0.17627378,
        "accuracy": 0.43322683706070286
    },
    "305.1": {
        "auroc": 0.6063817871244155,
        "auprc": 0.20246358932196226,
        "f1": 0.32,
        "threshold": 0.26918328,
        "accuracy": 0.15845410628019324
    },
    "45.13": {
        "auroc": 0.6707896336829304,
        "auprc": 0.23997480187089357,
        "f1": 0.3616636528028933,
        "threshold": 0.39440757,
        "accuracy": 0.16457142857142856
    },
    "99.04": {
        "auroc": 0.6211688136116957,
        "auprc": 0.17377584922295553,
        "f1": 0.30663615560640733,
        "threshold": 0.43963537,
        "accuracy": 0.13787878787878788
    },
    "88.72": {
        "auroc": 0.32112919132149903,
        "auprc": 0.02921514588540127,
        "f1": 0.0,
        "threshold": 1.0,
        "accuracy": 0.04
    },
    "285.1": {
        "auroc": 0.6607514497585418,
        "auprc": 0.4654151784499151,
        "f1": 0.5623242736644799,
        "threshold": 0.14195667,
        "accuracy": 0.34652406417112297
    },
    "311": {
        "auroc": 0.26232114467408585,
        "auprc": 0.001580715151033702,
        "f1": 0.0034100596760443308,
        "threshold": 0.01162694,
        "accuracy": 0.0015873015873015873
    },
    "403.90": {
        "auroc": 0.6464201451905627,
        "auprc": 0.5215860852290164,
        "f1": 0.6662665066026411,
        "threshold": 0.14013064,
        "accuracy": 0.43283582089552236
    },
    "584.9": {
        "auroc": 0.6345465780263193,
        "auprc": 0.55417169135513,
        "f1": 0.6666666666666666,
        "threshold": 0.13896619,
        "accuracy": 0.4764705882352941
    },
    "585.9": {
        "auroc": 0.7136083451872925,
        "auprc": 0.4481334978231496,
        "f1": 0.573394495412844,
        "threshold": 0.30883998,
        "accuracy": 0.3020408163265306
    },
    "V45.81": {
        "auroc": 0.6910987074030552,
        "auprc": 0.06514481725461069,
        "f1": 0.0,
        "threshold": 1.0,
        "accuracy": 0.03739837398373984
    },
    "272.0": {
        "auroc": 0.9641070000186023,
        "auprc": 0.834060050897551,
        "f1": 0.9063291139240506,
        "threshold": 0.0923834,
        "accuracy": 0.2335483870967742
    },
    "496": {
        "auroc": 0.7350597609561753,
        "auprc": 0.003745318352059925,
        "f1": 0.007462686567164179,
        "threshold": 0.72792083,
        "accuracy": 0.0009950248756218905
    },
    "511.9": {
        "auroc": 0.8217435549525103,
        "auprc": 0.8770235470503446,
        "f1": 0.8718535469107551,
        "threshold": 0.1341777,
        "accuracy": 0.67
    },
    "99.15": {
        "auroc": 0.9163320530726257,
        "auprc": 0.8249993217386014,
        "f1": 0.855036855036855,
        "threshold": 0.13960968,
        "accuracy": 0.4114942528735632
    },
    "36.15": {
        "auroc": 0.5779624455747387,
        "auprc": 0.6627889158662246,
        "f1": 0.7450628366247756,
        "threshold": 0.20035657,
        "accuracy": 0.5875
    },
    "39.61": {
        "auroc": "undefined",