{
    "244.9": {
        "auroc": 0.98545101842871,
        "auprc": 0.894023063095847,
        "f1": 0.9134808853118712,
        "threshold": 0.9468435,
        "accuracy": 0.19137254901960785
    },
    "250.00": {
        "auroc": 0.8500327811741709,
        "auprc": 0.7441127739348923,
        "f1": 0.7406483790523691,
        "threshold": 0.16848701,
        "accuracy": 0.3781333333333333
    },
    "272.4": {
        "auroc": 0.9437018539101482,
        "auprc": 0.6059635913951343,
        "f1": 0.736455463728191,
        "threshold": 0.98978573,
        "accuracy": 0.13333333333333333
    },
    "33.24": {
        "auroc": 0.6056998556998557,
        "auprc": 0.01877820657744965,
        "f1": 0.04878048780487805,
        "threshold": 0.17147334,
        "accuracy": 0.0144
    },
    "38.93": {
        "auroc": 0.8119442035799045,
        "auprc": 0.3746076304149515,
        "f1": 0.5374045801526718,
        "threshold": 0.99833405,
        "accuracy": 0.12105263157894737
    },
    "427.31": {
        "auroc": 0.9215508865927126,
        "auprc": 0.8409341484431152,
        "f1": 0.8679417122040073,
        "threshold": 0.16627255,
        "accuracy": 0.4081135902636917
    },
    "507.0": {
        "auroc": 0.4800857843137255,
        "auprc": 0.011582070963779521,
        "f1": 0.029055690072639227,
        "threshold": 0.04741894,
        "accuracy": 0.01090909090909091
    },
    "518.81": {
        "auroc": 0.666653270101546,
        "auprc": 0.33015636940434584,
        "f1": 0.48565965583174,
        "threshold": 0.99672186,
        "accuracy": 0.15496688741721854
    },
    "530.81": {
        "auroc": 0.9721279536816304,
        "auprc": 0.942852175080904,
        "f1": 0.919454770755886,
        "threshold": 0.25931606,
        "accuracy": 0.25403726708074537
    },
    "96.04": {
        "auroc": 0.7285685255610068,
        "auprc": 0.3068365289380549,
        "f1": 0.43722304283604135,
        "threshold": 0.8305034,
        "accuracy": 0.14615384615384616
    },
    "96.6": {
        "auroc": 0.4064771976206213,
        "auprc": 0.0016557847356185387,
        "f1": 0.004338394793926247,
        "threshold": 0.35194948,
        "accuracy": 0.0013201320132013201
    },
    "96.72": {
        "auroc": 0.4145665322580645,
        "auprc": 0.014599631936172194,
        "f1": 0.039301310043668124,
        "threshold": 0.24114399,
        "accuracy": 0.01782178217821782
    },
    "37.22": {
        "auroc": 0.7641282111806129,
        "auprc": 0.6147458839957479,
        "f1": 0.6081504702194357,
        "threshold": 0.27546516,
        "accuracy": 0.3264705882352941
    },
    "37.23": {
        "auroc": 0.6809723889555822,
        "auprc": 0.5766962584019686,
        "f1": 0.5776566757493188,
        "threshold": 0.25990903,
        "accuracy": 0.37777777777777777
    },
    "401.9": {
        "auroc": 0.9121803165526634,
        "auprc": 0.5153665677521316,
        "f1": 0.6421785940468651,
        "threshold": 0.76411545,
        "accuracy": 0.13875278396436524
    },
    "412": {
        "auroc": 0.7885117186581725,
        "auprc": 0.16813861218348464,
        "f1": 0.3622641509433962,
        "threshold": 0.16407125,
        "accuracy": 0.07564102564102564
    },
    "88.56": {
        "auroc": 0.5314500537056928,
        "auprc": 0.18209413378424502,
        "f1": 0.309255079006772,
        "threshold": 0.11446363,
        "accuracy": 0.17391304347826086
    },
    "V58.61": {
        "auroc": 0.1142659279778393,
        "auprc": 0.00078125,
        "f1": 0.00156128024980484,
        "threshold": 0.08906901,
        "accuracy": 0.0006920415224913495
    },
    "39.95": {
        "auroc": 0.8066241134751774,
        "auprc": 0.6302734992238629,
        "f1": 0.7446153846153846,
        "threshold": 0.2065788,
        "accuracy": 0.38961038961038963
    },
    "410.71": {
        "auroc": 0.6574517374517375,
        "auprc": 0.207018401801617,
        "f1": 0.3935483870967742,
        "threshold": 0.2007666,
        "accuracy": 0.1590909090909091
    },
    "414.01": {
        "auroc": 0.6105625828035143,
        "auprc": 0.26247356398105787,
        "f1": 0.44656084656084655,
        "threshold": 0.19602583,
        "accuracy": 0.23138173302107728
    },
    "424.0": {
        "auroc": 0.907205437384275,
        "auprc": 0.7951202462275258,
        "f1": 0.8071748878923767,
        "threshold": 0.64609027,
        "accuracy": 0.2515463917525773
    },
    "428.0": {
        "auroc": 0.7581720976593741,
        "auprc": 0.6784989470446758,
        "f1": 0.689369535204786,
        "threshold": 0.21421747,
        "accuracy": 0.4304668304668305
    },
    "486": {
        "auroc": 0.9108502415458937,
        "auprc": 0.6553745616480889,
        "f1": 0.74375,
        "threshold": 0.93651587,
        "accuracy": 0.17857142857142858
    },
    "599.0": {
        "auroc": 0.8539211657014759,
        "auprc": 0.6799047031449972,
        "f1": 0.7172413793103448,
        "threshold": 0.28946432,
        "accuracy": 0.3226837060702875
    },
    "305.1": {
        "auroc": 0.6189556903842618,
        "auprc": 0.19327960448741716,
        "f1": 0.30612244897959184,
        "threshold": 0.29337373,
        "accuracy": 0.14202898550724638
    },
    "45.13": {
        "auroc": 0.7957450791613179,
        "auprc": 0.2484921130055459,
        "f1": 0.4032258064516129,
        "threshold": 0.398686,
        "accuracy": 0.10971428571428571
    },
    "99.04": {
        "auroc": 0.6700670942695586,
        "auprc": 0.17763484233148003,
        "f1": 0.32717678100263853,
        "threshold": 0.43963537,
        "accuracy": 0.12424242424242424
    },
    "88.72": {
        "auroc": 0.3904419595314164,
        "auprc": 0.029885871113414862,
        "f1": 0.0,
        "threshold": 1.0,
        "accuracy": 0.036923076923076927
    },
    "285.1": {
        "auroc": 0.8141405368970926,
        "auprc": 0.4752544967874748,
        "f1": 0.5930018416206262,
        "threshold": 0.6056968,
        "accuracy": 0.2288770053475936
    },
    "311": {
        "auroc": 0.4589968152866242,
        "auprc": 0.003630160366340232,
        "f1": 0.010050251256281407,
        "threshold": 0.033565518,
        "accuracy": 0.0031746031746031746
    },
    "403.90": {
        "auroc": 0.7016016208602626,
        "auprc": 0.5168944348141259,
        "f1": 0.639331814730448,
        "threshold": 0.24060455,
        "accuracy": 0.3753731343283582
    },
    "584.9": {
        "auroc": 0.6754434988678666,
        "auprc": 0.5173513811235688,
        "f1": 0.6069333333333333,
        "threshold": 0.22966091,
        "accuracy": 0.3925133689839572
    },
    "585.9": {
        "auroc": 0.7704258786848073,
        "auprc": 0.43296632625555953,
        "f1": 0.5399361022364217,
        "threshold": 0.45345977,
        "accuracy": 0.22857142857142856
    },
    "V45.81": {
        "auroc": 0.7851662404092071,
        "auprc": 0.06949561127945587,
        "f1": 0.0,
        "threshold": 1.0,
        "accuracy": 0.027642276422764227
    },
    "272.0": {
        "auroc": 0.9738481718314477,
        "auprc": 0.8336860867638133,
        "f1": 0.0,
        "threshold": 1.0,
        "accuracy": 0.17161290322580644
    },
    "496": {
        "auroc": 0.7838645418326693,
        "auprc": 0.0045871559633027525,
        "f1": 0.0091324200913242,
        "threshold": 0.72111547,
        "accuracy": 0.0009950248756218905
    },
    "511.9": {
        "auroc": 0.8825777224470035,
        "auprc": 0.8199702627456235,
        "f1": 0.7913669064748201,
        "threshold": 0.18636392,
        "accuracy": 0.405
    },
    "99.15": {
        "auroc": 0.9645909645909647,
        "auprc": 0.8240535097001055,
        "f1": 0.0,
        "threshold": 1.0,
        "accuracy": 0.1793103448275862
    },
    "36.15": {
        "auroc": 0.6047446754112078,
        "auprc": 0.636652119184834,
        "f1": 0.6950998185117967,
        "threshold": 0.08506532,