{
    "244.9": {
        "auroc": 0.9648824502935909,
        "auprc": 0.912643294276307,
        "f1": 0.9090909090909091,
        "threshold": 0.5222578960936347,
        "accuracy": 0.20470588235294118
    },
    "250.00": {
        "auroc": 0.8517457738525059,
        "auprc": 0.8188804040486323,
        "f1": 0.7586666666666667,
        "threshold": 0.16716678931655934,
        "accuracy": 0.4352
    },
    "272.4": {
        "auroc": 0.9243626152571838,
        "auprc": 0.633587256086609,
        "f1": 0.7573333333333333,
        "threshold": 0.5661499925199344,
        "accuracy": 0.14246575342465753
    },
    "33.24": {
        "auroc": 0.5732364028002154,
        "auprc": 0.012552877002804969,
        "f1": 0.028985507246376812,
        "threshold": 0.10500281585390746,
        "accuracy": 0.0096
    },
    "38.93": {
        "auroc": 0.9071643915378146,
        "auprc": 0.6271021368976691,
        "f1": 0.6044226044226044,
        "threshold": 0.56003903993045,
        "accuracy": 0.09808612440191387
    },
    "427.31": {
        "auroc": 0.9602170758651424,
        "auprc": 0.9045352671130902,
        "f1": 0.9277389277389277,
        "threshold": 0.1652860794212868,
        "accuracy": 0.4308316430020284
    },
    "507.0": {
        "auroc": 0.4671052631578947,
        "auprc": 0.031007333133394512,
        "f1": 0.08620689655172414,
        "threshold": 0.14009466506583715,
        "accuracy": 0.03272727272727273
    },
    "518.81": {
        "auroc": 0.6370627755212044,
        "auprc": 0.2958228755163158,
        "f1": 0.4496124031007752,
        "threshold": 0.21649952979034262,
        "accuracy": 0.23973509933774834
    },
    "530.81": {
        "auroc": 0.9512676306285386,
        "auprc": 0.9391376478185111,
        "f1": 0.9063231850117096,
        "threshold": 0.20318816547042368,
        "accuracy": 0.28633540372670807
    },
    "96.04": {
        "auroc": 0.7010505024893969,
        "auprc": 0.5688087664628841,
        "f1": 0.5283434232250963,
        "threshold": 0.11309954593701915,
        "accuracy": 0.2989010989010989
    },
    "96.6": {
        "auroc": 0.3169200264375413,
        "auprc": 0.001435711609314512,
        "f1": 0.0037418147801683817,
        "threshold": 0.20437277006032936,
        "accuracy": 0.0013201320132013201
    },
    "96.72": {
        "auroc": 0.5844444444444444,
        "auprc": 0.030319568087608516,
        "f1": 0.08641975308641975,
        "threshold": 0.4038164765908181,
        "accuracy": 0.019801980198019802
    },
    "37.22": {
        "auroc": 0.7515909723188204,
        "auprc": 0.7637934388016392,
        "f1": 0.7042735042735043,
        "threshold": 0.23343687683671474,
        "accuracy": 0.4647058823529412
    },
    "37.23": {
        "auroc": 0.7402681311581327,
        "auprc": 0.7736928448415661,
        "f1": 0.6891891891891891,
        "threshold": 0.18267348964828303,
        "accuracy": 0.4793650793650794
    },
    "401.9": {
        "auroc": 0.9089610925152141,
        "auprc": 0.48733976509436255,
        "f1": 0.6625971143174251,
        "threshold": 0.2011380793764907,
        "accuracy": 0.14387527839643652
    },
    "412": {
        "auroc": 0.5833583513301505,
        "auprc": 0.23507502824032972,
        "f1": 0.41017488076311603,
        "threshold": 0.09567874166215587,
        "accuracy": 0.21666666666666667
    },
    "88.56": {
        "auroc": 0.40334108326875057,
        "auprc": 0.24863754788552475,
        "f1": 0.4779270633397313,
        "threshold": 0.03167673468822292,
        "accuracy": 0.3130434782608696
    },
    "V58.61": {
        "auroc": "undefined",
        "auprc": -0.0,
        "f1": 0.0,
        "threshold": 0.006549181637485927,
        "accuracy": 0.0
    },
    "39.95": {
        "auroc": 0.8026944806605825,
        "auprc": 0.774913163746905,
        "f1": 0.7480519480519481,
        "threshold": 0.10313077478842922,
        "accuracy": 0.4597402597402597
    },
    "410.71": {
        "auroc": 0.6420821917808219,
        "auprc": 0.2050954569737654,
        "f1": 0.41297935103244837,
        "threshold": 0.1638943142083701,
        "accuracy": 0.17045454545454544
    },
    "414.01": {
        "auroc": 0.7331170088125922,
        "auprc": 0.4564098497905358,
        "f1": 0.6026570048309179,
        "threshold": 0.23940426814844887,
        "accuracy": 0.31381733021077285
    },
    "424.0": {
        "auroc": 0.9270685018193324,
        "auprc": 0.8771958578710024,
        "f1": 0.9025641025641026,
        "threshold": 0.477128270721032,
        "accuracy": 0.2020618556701031
    },
    "428.0": {
        "auroc": 0.8615839682116339,
        "auprc": 0.8609364118455056,
        "f1": 0.7845149253731343,
        "threshold": 0.20947434770561005,
        "accuracy": 0.48943488943488944
    },
    "486": {
        "auroc": 0.9717067776278303,
        "auprc": 0.8664838749823347,
        "f1": 0.8819875776397516,
        "threshold": 0.5507131802320447,
        "accuracy": 0.18571428571428572
    },
    "599.0": {
        "auroc": 0.9046943695929656,
        "auprc": 0.83921376566071,
        "f1": 0.8174273858921162,
        "threshold": 0.1874770890316286,
        "accuracy": 0.4095846645367412
    },
    "305.1": {
        "auroc": 0.6582269700332963,
        "auprc": 0.2487737139504449,
        "f1": 0.39628482972136225,
        "threshold": 0.20892821217377577,
        "accuracy": 0.18067632850241547
    },
    "45.13": {
        "auroc": 0.8410183782359528,
        "auprc": 0.25548556553330193,
        "f1": 0.39296187683284456,
        "threshold": 0.26254484971925474,
        "accuracy": 0.08685714285714285
    },
    "99.04": {
        "auroc": 0.5553900745959387,
        "auprc": 0.26390850235859165,
        "f1": 0.3866837387964149,
        "threshold": 0.08566983081373662,
        "accuracy": 0.23030303030303031
    },
    "88.72": {
        "auroc": 0.5248487071336878,
        "auprc": 0.11698985515781488,
        "f1": 0.26556016597510373,
        "threshold": 0.08261584509605203,
        "accuracy": 0.11692307692307692
    },
    "285.1": {
        "auroc": 0.7319544067936351,
        "auprc": 0.6003543356195792,
        "f1": 0.6015228426395939,
        "threshold": 0.2606198875178551,
        "accuracy": 0.332620320855615
    },
    "311": {
        "auroc": 0.4906559571619813,
        "auprc": 0.011552610580165757,
        "f1": 0.03229527104959631,
        "threshold": 0.023713228185600913,
        "accuracy": 0.011904761904761904
    },
    "403.90": {
        "auroc": 0.7106036601534386,
        "auprc": 0.6435378766435311,
        "f1": 0.7171097477845945,
        "threshold": 0.16703509356190088,
        "accuracy": 0.5082089552238805
    },
    "584.9": {
        "auroc": 0.8603639589620625,
        "auprc": 0.820119008766232,
        "f1": 0.8288899660688318,
        "threshold": 0.20771543210163135,
        "accuracy": 0.5224598930481283
    },
    "585.9": {
        "auroc": 0.6835285792107688,
        "auprc": 0.44537506116379244,
        "f1": 0.5179677819083024,
        "threshold": 0.19560246208096888,
        "accuracy": 0.286734693877551
    },
    "V45.81": {
        "auroc": 0.6397306397306397,
        "auprc": 0.04981538918157579,
        "f1": 0.13559322033898305,
        "threshold": 0.18577267104723647,
        "accuracy": 0.03414634146341464
    },
    "272.0": {
        "auroc": 0.9812962962962963,
        "auprc": 0.9319536812289676,
        "f1": 0.9236111111111112,
        "threshold": 0.5748374728537453,
        "accuracy": 0.17419354838709677
    },
    "496": {
        "auroc": 0.5634258373205742,
        "auprc": 0.06059441363889083,
        "f1": 0.1564245810055866,
        "threshold": 0.04722948104915022,
        "accuracy": 0.05472636815920398
    },
    "511.9": {
        "auroc": 0.9269645885510843,
        "auprc": 0.8881166144784184,
        "f1": 0.8949416342412452,
        "threshold": 0.27769654181311837,
        "accuracy": 0.4483333333333333
    },