{
    "244.9": {
        "auroc": 0.775010261806688,
        "auprc": 0.363936319083008,
        "f1": 0.4896788990825688,
        "threshold": 0.22172628943767317,
        "accuracy": 0.003368850108443563
    },
    "250.00": {
        "auroc": 0.7749454225978714,
        "auprc": 0.2922290819426182,
        "f1": 0.36814057323923377,
        "threshold": 0.05597825564389232,
        "accuracy": 0.008706452807204022
    },
    "272.4": {
        "auroc": 0.8991207959537081,
        "auprc": 0.16132840027908107,
        "f1": 0.3163741390802044,
        "threshold": 0.19166368550156215,
        "accuracy": 0.0037465042017185467
    },
    "33.24": {
        "auroc": 0.533854570556397,
        "auprc": 0.0032005822980493382,
        "f1": 0.01990570979570456,
        "threshold": 0.04701344718789838,
        "accuracy": 0.0009341694407886248
    },
    "38.93": {
        "auroc": 0.7475817669927619,
        "auprc": 0.16279912323793114,
        "f1": 0.25091352009744217,
        "threshold": 0.325060405140264,
        "accuracy": 0.0016737957969127767
    },
    "427.31": {
        "auroc": 0.845844365437953,
        "auprc": 0.49826176619149093,
        "f1": 0.5962540175108058,
        "threshold": 0.06393352732582554,
        "accuracy": 0.00829421610237566
    },
    "507.0": {
        "auroc": 0.538846063624298,
        "auprc": 0.005344198416834796,
        "f1": 0.029523407844791228,
        "threshold": 0.02232857767384465,
        "accuracy": 0.003118268415175166
    },
    "518.81": {
        "auroc": 0.8856898970276352,
        "auprc": 0.11004167215517596,
        "f1": 0.19885496183206106,
        "threshold": 0.0948455658421543,
        "accuracy": 0.006584805946238628
    },
    "530.81": {
        "auroc": 0.5534059153768638,
        "auprc": 0.38160748108032344,
        "f1": 0.49418854928971157,
        "threshold": 0.10883631990985475,
        "accuracy": 0.004013780646887647
    },
    "96.04": {
        "auroc": 0.7118864172161035,
        "auprc": 0.155256830230361,
        "f1": 0.25197709299154625,
        "threshold": 0.13432158243191095,
        "accuracy": 0.004353752688045688
    },
    "96.6": {
        "auroc": 0.6974999044441486,
        "auprc": 0.0010053996547922954,
        "f1": 0.003928964325003929,
        "threshold": 0.02798511442204196,
        "accuracy": 0.0003194859825525155
    },
    "96.72": {
        "auroc": 0.7137234547488194,
        "auprc": 0.009864015032492008,
        "f1": 0.02359848268237357,
        "threshold": 0.004330492035588594,
        "accuracy": 0.0038470980412424415
    },
    "37.22": {
        "auroc": 0.7002047708720667,
        "auprc": 0.1415301719399603,
        "f1": 0.19281547436291066,
        "threshold": 0.02108154840615551,
        "accuracy": 0.020972861493181807
    },
    "37.23": {
        "auroc": 0.6991913111441208,
        "auprc": 0.13842728503730856,
        "f1": 0.18867308633915456,
        "threshold": 0.010100661958463398,
        "accuracy": 0.028175453926579216
    },
    "401.9": {
        "auroc": 0.6554210421649241,
        "auprc": 0.24166944173016577,
        "f1": 0.4496805111821086,
        "threshold": 0.1247108220986012,
        "accuracy": 0.0023712577113111826
    },
    "412": {
        "auroc": 0.4207426410302958,
        "auprc": 0.03867382094084869,
        "f1": 0.12401165210153975,
        "threshold": 0.026334933353083036,
        "accuracy": 0.012826355576645696
    },
    "88.56": {
        "auroc": 0.7558086898257974,
        "auprc": 0.09755692226165388,
        "f1": 0.21107668474051122,
        "threshold": 0.022232215397605948,
        "accuracy": 0.00931622118512233
    },
    "V58.61": {
        "auroc": 0.5268816599157847,
        "auprc": 0.0011097985170275314,
        "f1": 0.0028997704937743342,
        "threshold": -0.00106752702656531,
        "accuracy": 0.0011553889082664807
    },
    "39.95": {
        "auroc": 0.9655306133123053,
        "auprc": 0.494940478095535,
        "f1": 0.5266490765171504,
        "threshold": 0.04839941011885741,
        "accuracy": 0.008735083133606688
    },
    "410.71": {
        "auroc": 0.7358896068939571,
        "auprc": 0.0429499629272756,
        "f1": 0.15397489539748954,
        "threshold": 0.10878699386157285,
        "accuracy": 0.005477679209649143
    },
    "414.01": {
        "auroc": 0.7422918853604977,
        "auprc": 0.15408564011396708,
        "f1": 0.25537596626844694,
        "threshold": 0.04287139623642162,
        "accuracy": 0.010956604707046434
    },
    "424.0": {
        "auroc": 0.43810491347268277,
        "auprc": 0.18012144363944538,
        "f1": 0.2680921052631579,
        "threshold": 0.03712476575658949,
        "accuracy": 0.012382739212007506
    },
    "428.0": {
        "auroc": 0.871183082487055,
        "auprc": 0.3432678213636847,
        "f1": 0.3913781059774474,
        "threshold": 0.0717132488870958,
        "accuracy": 0.010178288398525076
    },
    "486": {
        "auroc": 0.6938957920510964,
        "auprc": 0.30950575491849597,
        "f1": 0.40935064935064935,
        "threshold": 0.11376550138524492,
        "accuracy": 0.005231073230925646
    },
    "599.0": {
        "auroc": 0.7778651885348284,
        "auprc": 0.40717830826576396,
        "f1": 0.492299522039299,
        "threshold": 0.12021047812918927,
        "accuracy": 0.004583859497540875
    },
    "305.1": {
        "auroc": 0.7091075342181543,
        "auprc": 0.10254451148710024,
        "f1": 0.2575039494470774,
        "threshold": 0.0480469209666528,
        "accuracy": 0.004379077992560522
    },
    "45.13": {
        "auroc": 0.8085028443912677,
        "auprc": 0.04571926654578218,
        "f1": 0.127633955448525,
        "threshold": 0.12202383815421214,
        "accuracy": 0.004232214720457645
    },
    "99.04": {
        "auroc": 0.5553980845850717,
        "auprc": 0.042943415404161425,
        "f1": 0.12179289026275116,
        "threshold": 0.10509987362522355,
        "accuracy": 0.012931487213706265
    },
    "88.72": {
        "auroc": 0.6118112353835832,
        "auprc": 0.01692996196582245,
        "f1": 0.07701863354037267,
        "threshold": 0.10066886492253713,
        "accuracy": 0.004428404213811939
    },
    "285.1": {
        "auroc": 0.5723595914292563,
        "auprc": 0.07719278205188129,
        "f1": 0.12981684981684982,
        "threshold": 0.06387220876222481,
        "accuracy": 0.01768792908305313
    },
    "311": {
        "auroc": 0.5529810250117896,
        "auprc": 0.004830399376636299,
        "f1": 0.030252100840336135,
        "threshold": 0.017700951368200695,
        "accuracy": 0.0003153910849453322
    },
    "403.90": {
        "auroc": 0.6577583484644294,
        "auprc": 0.23487917924755794,
        "f1": 0.35131396957123096,
        "threshold": 0.032444117086690066,
        "accuracy": 0.015062429467326947
    },
    "584.9": {
        "auroc": 0.7917611655009256,
        "auprc": 0.3296941734911534,
        "f1": 0.3953884449102581,
        "threshold": 0.08642460964563597,
        "accuracy": 0.008737826159510596
    },
    "585.9": {
        "auroc": 0.7823409446595122,
        "auprc": 0.1783474841558769,
        "f1": 0.3089756423089756,
        "threshold": 0.07471416249268716,
        "accuracy": 0.0054952826852624585
    },
    "V45.81": {
        "auroc": 0.40585480091741905,
        "auprc": 0.005526603929475512,
        "f1": 0.034892942109436956,
        "threshold": 0.07151754113395936,
        "accuracy": 0.004078109703468131
    },
    "272.0": {
        "auroc": 0.550932462726167,
        "auprc": 0.25216697757183804,
        "f1": 0.39241917502787066,
        "threshold": 0.2888115597121924,
        "accuracy": 0.0035496696906496257
    },
    "496": {
        "auroc": 0.7188402832824841,
        "auprc": 0.017209699151699877,
        "f1": 0.08227848101265822,
        "threshold": 0.03864081525936776,
        "accuracy": 0.0022578635938959825
    },