{
    "244.9": {
        "auroc": 0.7731088510163442,
        "auprc": 0.36475861193926223,
        "f1": 0.4977168949771689,
        "threshold": 0.21880206766136107
    },
    "250.00": {
        "auroc": 0.7727811085517995,
        "auprc": 0.29393837465198147,
        "f1": 0.3683808942469098,
        "threshold": 0.06796053684723233
    },
    "272.4": {
        "auroc": 0.8992553784647555,
        "auprc": 0.1636786356891553,
        "f1": 0.315929203539823,
        "threshold": 0.16746014880070356
    },
    "33.24": {
        "auroc": 0.5085099152910072,
        "auprc": 0.003148030490548224,
        "f1": 0.019280205655526992,
        "threshold": 0.05705518722356225
    },
    "38.93": {
        "auroc": 0.7546922234602031,
        "auprc": 0.16465943872567887,
        "f1": 0.25057736720554274,
        "threshold": 0.29298881089971535
    },
    "427.31": {
        "auroc": 0.8466070684354432,
        "auprc": 0.49807208899928873,
        "f1": 0.5961987329109704,
        "threshold": 0.06542750157284612
    },
    "507.0": {
        "auroc": 0.5353651697042701,
        "auprc": 0.005276518741203325,
        "f1": 0.029876977152899824,
        "threshold": 0.02508270999365157
    },
    "518.81": {
        "auroc": 0.8869728082860183,
        "auprc": 0.11233867870211527,
        "f1": 0.20493295811951664,
        "threshold": 0.07629342117476193
    },
    "530.81": {
        "auroc": 0.5513237657288794,
        "auprc": 0.3829624320824487,
        "f1": 0.493891797556719,
        "threshold": 0.12202135863185436
    },
    "96.04": {
        "auroc": 0.7117308074107237,
        "auprc": 0.15455109507193954,
        "f1": 0.2591847005535984,
        "threshold": 0.11812526635939485
    },
    "96.6": {
        "auroc": 0.7006023871701165,
        "auprc": 0.0009598776207747387,
        "f1": 0.003903929389798863,
        "threshold": 0.029205116450573984
    },
    "96.72": {
        "auroc": 0.7171838076576388,
        "auprc": 0.009762436543825862,
        "f1": 0.023939304655274014,
        "threshold": 0.004096801625519173
    },
    "37.22": {
        "auroc": 0.7015913780200412,
        "auprc": 0.1421567876210798,
        "f1": 0.19314369073668855,
        "threshold": 0.01772417300226185
    },
    "37.23": {
        "auroc": 0.6985658604866113,
        "auprc": 0.137209888680483,
        "f1": 0.1872580077437522,
        "threshold": 0.011921946991830105
    },
    "401.9": {
        "auroc": 0.6565359239850016,
        "auprc": 0.2421471355970204,
        "f1": 0.450261780104712,
        "threshold": 0.12702224153724095
    },
    "412": {
        "auroc": 0.4206206152911022,
        "auprc": 0.03980231921090533,
        "f1": 0.12774697063051962,
        "threshold": 0.025163382099066395
    },
    "88.56": {
        "auroc": 0.7599255019882942,
        "auprc": 0.09831889767144661,
        "f1": 0.20721178263077705,
        "threshold": 0.040692728056714526
    },
    "V58.61": {
        "auroc": 0.5335746265039968,
        "auprc": 0.0011271473386771603,
        "f1": 0.002916208344448789,
        "threshold": -0.0009367650021191097
    },
    "39.95": {
        "auroc": 0.9679137965480793,
        "auprc": 0.49583330441924417,
        "f1": 0.5179245283018868,
        "threshold": 0.03749233497407082
    },
    "410.71": {
        "auroc": 0.7401470536272882,
        "auprc": 0.04458390908635787,
        "f1": 0.16064981949458484,
        "threshold": 0.14242048309449795
    },
    "414.01": {
        "auroc": 0.7422116667661591,
        "auprc": 0.1556658630316261,
        "f1": 0.25876088364395194,
        "threshold": 0.045130608832198556
    },
    "424.0": {
        "auroc": 0.4379421380647278,
        "auprc": 0.1814285355964787,
        "f1": 0.2691358024691358,
        "threshold": 0.03753562179133413
    },
    "428.0": {
        "auroc": 0.8703781140226345,
        "auprc": 0.3412310787143928,
        "f1": 0.3894383101296207,
        "threshold": 0.06586057375976932
    },
    "486": {
        "auroc": 0.6972285744342576,
        "auprc": 0.30511052229177565,
        "f1": 0.40423387096774194,
        "threshold": 0.1045998115821803
    },
    "599.0": {
        "auroc": 0.7770947414943374,
        "auprc": 0.40210590131456325,
        "f1": 0.48670062252405205,
        "threshold": 0.1479295109155656
    },
    "305.1": {
        "auroc": 0.7098285786951959,
        "auprc": 0.1007624314758319,
        "f1": 0.25053625053625056,
        "threshold": 0.06113429470328176
    },
    "45.13": {
        "auroc": 0.8018169586526025,
        "auprc": 0.045304205814802254,
        "f1": 0.12426422498364945,
        "threshold": 0.14876056097313164
    },
    "99.04": {
        "auroc": 0.5454521486003492,
        "auprc": 0.04290579781312971,
        "f1": 0.11967418546365914,
        "threshold": 0.11300396198822825
    },
    "88.72": {
        "auroc": 0.6051000859683865,
        "auprc": 0.017084515267117475,
        "f1": 0.07769423558897243,
        "threshold": 0.09636813191511026
    },
    "285.1": {
        "auroc": 0.5743462056220143,
        "auprc": 0.077435728130798,
        "f1": 0.13264094955489614,
        "threshold": 0.06639383223743474
    },
    "311": {
        "auroc": 0.5222031142283079,
        "auprc": 0.004835417838838036,
        "f1": 0.029449423815621,
        "threshold": 0.020689055499607038
    },
    "403.90": {
        "auroc": 0.6573566766286755,
        "auprc": 0.23498465252008055,
        "f1": 0.35317669370983035,
        "threshold": 0.03150377148436142
    },
    "584.9": {
        "auroc": 0.7887875259102386,
        "auprc": 0.32818391913348177,
        "f1": 0.3942489595157019,
        "threshold": 0.077718547926219
    },
    "585.9": {
        "auroc": 0.7848726671219683,
        "auprc": 0.1756395034287608,
        "f1": 0.30064912880081995,
        "threshold": 0.07843902648115798
    },
    "V45.81": {
        "auroc": 0.40878449409758477,
        "auprc": 0.005537104898346101,
        "f1": 0.03514376996805112,
        "threshold": 0.07317447392262191
    },
    "272.0": {
        "auroc": 0.5531526527524453,
        "auprc": 0.25203645031765254,
        "f1": 0.39514348785871967,
        "threshold": 0.2563092134331252
    },
    "496": {
        "auroc": 0.7169945806819474,
        "auprc": 0.017167337428602544,
        "f1": 0.08575380359612725,
        "threshold": 0.04951475242898871
    },
    "511.9": {
        "auroc": 0.7356018099221574,
        "auprc": 0.33772803637665616,
        "f1": 0.39108600125549275,
        "threshold": 0.06045295628277922
    },
    "99.15": {
        "auroc": 0.8283058587191958,
        "auprc": 0.3418368159078913,
        "f1": 0.39925373134328357,
        "threshold": 0.12629299850783401
    },
    "36.15": {
        "auroc": 0.7323169537356085,
        "auprc": 0.2195910223476849,
        "f1": 0.28539730966578836,
        "threshold": 0.04305698411209305
    },
    "39.61": {
        "auroc": 0.5568662624449751,
        "auprc": 0.005259907004400449,
        "f1": 0.012773954508670906,
        "threshold": 0.0007230909017732438
    },
    "276.1": {
        "auroc": 0.8343764351396322,
        "auprc": 0.71168514624221,
        "f1": 0.7712,
        "threshold": 0.09623861301887515
    },
    "96.71": {
        "auroc": 0.35055365166868446,
        "auprc": 0.002903184080365992,
        "f1": 0.010519987977156597,
        "threshold": 0.04063224671057492
    },
    "276.2": {
        "auroc": 0.7326125221959575,
        "auprc": 0.4289796871394074,
        "f1": 0.537521815008726,
        "threshold": 0.1966531319946651
    },
    "285.9": {
        "auroc": 0.8371791069798964,
        "auprc": 0.7574049996661544,
        "f1": 0.8169761273209549,
        "threshold": 0.17441280020040734
    },
    "287.5": {
        "auroc": 0.7572467384465353,
        "auprc": 0.4042313235118005,
        "f1": 0.5389221556886228,
        "threshold": 0.1130934264773105
    },
    "V15.82": {
        "auroc": 0.4330216128839613,