{
    "244.9": {
        "auroc": 0.7637512411539463,
        "auprc": 0.3282494741745327,
        "f1": 0.49017341040462425,
        "threshold": 0.24373686,
        "accuracy": 0.003368850108443563
    },
    "250.00": {
        "auroc": 0.7446315358736937,
        "auprc": 0.2333691423718208,
        "f1": 0.3291139240506329,
        "threshold": 0.06936294,
        "accuracy": 0.008706452807204022
    },
    "272.4": {
        "auroc": 0.8171300126620742,
        "auprc": 0.1390762508452937,
        "f1": 0.291958041958042,
        "threshold": 0.15433043,
        "accuracy": 0.0037465042017185467
    },
    "33.24": {
        "auroc": 0.7382180766365878,
        "auprc": 0.004984899116014076,
        "f1": 0.03180914512922465,
        "threshold": 0.33486617,
        "accuracy": 0.0009341694407886248
    },
    "38.93": {
        "auroc": 0.8765245994952731,
        "auprc": 0.15892367396601434,
        "f1": 0.2857142857142857,
        "threshold": 0.5149023,
        "accuracy": 0.0016737957969127767
    },
    "427.31": {
        "auroc": 0.8164828581718209,
        "auprc": 0.439126459434314,
        "f1": 0.5658580820675584,
        "threshold": 0.080267474,
        "accuracy": 0.00829421610237566
    },
    "507.0": {
        "auroc": 0.5697583345989364,
        "auprc": 0.0047623995009637935,
        "f1": 0.019280205655526992,
        "threshold": 0.044199128,
        "accuracy": 0.003118268415175166
    },
    "518.81": {
        "auroc": 0.772207946126499,
        "auprc": 0.0879623296301478,
        "f1": 0.15513464759695916,
        "threshold": 0.09536464,
        "accuracy": 0.006584805946238628
    },
    "530.81": {
        "auroc": 0.7748256234437895,
        "auprc": 0.33822586031725865,
        "f1": 0.4673960612691466,
        "threshold": 0.14060041,
        "accuracy": 0.004013780646887647
    },
    "96.04": {
        "auroc": 0.7708572220191842,
        "auprc": 0.0779573093693102,
        "f1": 0.1670886075949367,
        "threshold": 0.12014775,
        "accuracy": 0.004353752688045688
    },
    "96.6": {
        "auroc": 0.673309647811956,
        "auprc": 0.0008715701556277338,
        "f1": 0.0036744442403086534,
        "threshold": 0.0902667,
        "accuracy": 0.0003194859825525155
    },
    "96.72": {
        "auroc": 0.6018418729960632,
        "auprc": 0.004906658645239194,
        "f1": 0.016112444292080905,
        "threshold": 0.11402332,
        "accuracy": 0.0038470980412424415
    },
    "37.22": {
        "auroc": 0.5880656615699399,
        "auprc": 0.09670934749687952,
        "f1": 0.15757266700662928,
        "threshold": 0.052169394,
        "accuracy": 0.020972861493181807
    },
    "37.23": {
        "auroc": 0.560312097638501,
        "auprc": 0.10695088172274671,
        "f1": 0.18047016274864375,
        "threshold": 0.058597036,
        "accuracy": 0.028175453926579216
    },
    "401.9": {
        "auroc": 0.7606032246234197,
        "auprc": 0.2182075216547446,
        "f1": 0.4085480829666876,
        "threshold": 0.1580223,
        "accuracy": 0.0023712577113111826
    },
    "412": {
        "auroc": 0.5364132668259496,
        "auprc": 0.02259570121456168,
        "f1": 0.057191634656423386,
        "threshold": 0.0150422575,
        "accuracy": 0.012826355576645696
    },
    "88.56": {
        "auroc": 0.7801256558756944,
        "auprc": 0.08721039414940285,
        "f1": 0.19495177508721526,
        "threshold": 0.07507616,
        "accuracy": 0.00931622118512233
    },
    "V58.61": {
        "auroc": 0.44607155134117876,
        "auprc": 0.0010507023665090659,
        "f1": 0.0036613272311212816,
        "threshold": 0.053684354,
        "accuracy": 0.0011553889082664807
    },
    "39.95": {
        "auroc": 0.891103742628356,
        "auprc": 0.3600512814232719,
        "f1": 0.48044077134986224,
        "threshold": 0.05967164,
        "accuracy": 0.008735083133606688
    },
    "410.71": {
        "auroc": 0.7642739655842549,
        "auprc": 0.04853565884495189,
        "f1": 0.15542521994134897,
        "threshold": 0.09224065,
        "accuracy": 0.005477679209649143
    },
    "414.01": {
        "auroc": 0.7747434200795515,
        "auprc": 0.12177884973691908,
        "f1": 0.24839908293145704,
        "threshold": 0.076111026,
        "accuracy": 0.010956604707046434
    },
    "424.0": {
        "auroc": 0.7758582007823613,
        "auprc": 0.2623198473529028,
        "f1": 0.3411764705882353,
        "threshold": 0.06153507,
        "accuracy": 0.012382739212007506
    },
    "428.0": {
        "auroc": 0.9099860395155577,
        "auprc": 0.2881662689845709,
        "f1": 0.35067954220314734,
        "threshold": 0.08718053,
        "accuracy": 0.010178288398525076
    },
    "486": {
        "auroc": 0.6878283892230167,
        "auprc": 0.2739903700918668,
        "f1": 0.4034846400733608,
        "threshold": 0.20703937,
        "accuracy": 0.005231073230925646
    },
    "599.0": {
        "auroc": 0.8224119226592301,
        "auprc": 0.2937278000789066,
        "f1": 0.42020665901262916,
        "threshold": 0.16704993,
        "accuracy": 0.004583859497540875
    },
    "305.1": {
        "auroc": 0.8623828672945238,
        "auprc": 0.06797501705967933,
        "f1": 0.15796640944167045,
        "threshold": 0.09571739,
        "accuracy": 0.004379077992560522
    },
    "45.13": {
        "auroc": 0.757706509492681,
        "auprc": 0.055626535986271465,
        "f1": 0.16648168701442842,
        "threshold": 0.19027664,
        "accuracy": 0.004232214720457645
    },
    "99.04": {
        "auroc": 0.36268180938392774,
        "auprc": 0.020514047393595414,
        "f1": 0.0691588785046729,
        "threshold": 0.18939084,
        "accuracy": 0.012931487213706265
    },
    "88.72": {
        "auroc": 0.7203827190163125,
        "auprc": 0.011572714199478046,
        "f1": 0.03546869344914948,
        "threshold": 0.021599468,
        "accuracy": 0.004428404213811939
    },
    "285.1": {
        "auroc": 0.4064762422813615,
        "auprc": 0.04930606487866451,
        "f1": 0.11654268508678711,
        "threshold": 0.17506804,
        "accuracy": 0.01768792908305313
    },
    "311": {
        "auroc": 0.8456066623336322,
        "auprc": 0.0017424719009232039,
        "f1": 0.0056942619360490585,
        "threshold": 0.009052877,
        "accuracy": 0.0003153910849453322
    },
    "403.90": {
        "auroc": 0.6894190523577303,
        "auprc": 0.11552376166951639,
        "f1": 0.21156840934371524,
        "threshold": 0.08758519,
        "accuracy": 0.015062429467326947
    },
    "584.9": {
        "auroc": 0.7506383547916169,
        "auprc": 0.21573585244496446,
        "f1": 0.33577744231183954,
        "threshold": 0.08601145,
        "accuracy": 0.008737826159510596
    },
    "585.9": {
        "auroc": 0.7367940046243523,
        "auprc": 0.11868815135707254,
        "f1": 0.26202581149784904,
        "threshold": 0.18412484,
        "accuracy": 0.0054952826852624585
    },
    "V45.81": {
        "auroc": 0.6168367466654329,
        "auprc": 0.008875244203259611,
        "f1": 0.042759961127308066,
        "threshold": 0.19197434,
        "accuracy": 0.004078109703468131
    },
    "272.0": {
        "auroc": 0.7568215502131972,
        "auprc": 0.22530180203436595,
        "f1": 0.39558011049723757,
        "threshold": 0.0923834,
        "accuracy": 0.0035496696906496257
    },
    "496": {
        "auroc": 0.6192620819970542,
        "auprc": 0.0036160535393713012,
        "f1": 0.01015665346875538,
        "threshold": 0.004894673,
        "accuracy": 0.0022578635938959825
    },
    "511.9": {
        "auroc": 0.7456504178773631,
        "auprc": 0.3045829273671964,
        "f1": 0.3948855188819506,
        "threshold": 0.08111216,
        "accuracy": 0.011946162481016001
    },
    "99.15": {
        "auroc": 0.7762866830187329,
        "auprc": 0.3021748427071941,
        "f1": 0.43833017077798864,
        "threshold": 0.18690425,