{
    "244.9": {
        "auroc": 0.9478619814845411,
        "auprc": 0.9002223972975496,
        "f1": 0.8633540372670807,
        "threshold": 0.24762990042720393,
        "accuracy": 0.3615686274509804
    },
    "250.00": {
        "auroc": 0.8395499275804416,
        "auprc": 0.8574630384344497,
        "f1": 0.8014153029632906,
        "threshold": 0.12550746293042275,
        "accuracy": 0.5754666666666667
    },
    "272.4": {
        "auroc": 0.9105535547552355,
        "auprc": 0.6461581100142,
        "f1": 0.75178866263071,
        "threshold": 0.30129531143933636,
        "accuracy": 0.2237442922374429
    },
    "33.24": {
        "auroc": 0.5970209339774557,
        "auprc": 0.010152273257111967,
        "f1": 0.022813688212927757,
        "threshold": 0.29292434542808,
        "accuracy": 0.0064
    },
    "38.93": {
        "auroc": 0.7951201548557669,
        "auprc": 0.5281475105623916,
        "f1": 0.5089285714285714,
        "threshold": 0.4153604026790458,
        "accuracy": 0.14114832535885166
    },
    "427.31": {
        "auroc": 0.8981879899725738,
        "auprc": 0.9244389112744094,
        "f1": 0.9438082556591212,
        "threshold": 0.12865073450690734,
        "accuracy": 0.7452332657200811
    },
    "507.0": {
        "auroc": 0.3701982651796778,
        "auprc": 0.01778926009871363,
        "f1": 0.05099150141643059,
        "threshold": 0.15041095627617915,
        "accuracy": 0.02181818181818182
    },
    "518.81": {
        "auroc": 0.592175368491158,
        "auprc": 0.307104168869771,
        "f1": 0.46135967460778615,
        "threshold": 0.09834530200257008,
        "accuracy": 0.2768211920529801
    },
    "530.81": {
        "auroc": 0.9606044962206812,
        "auprc": 0.9632406666405329,
        "f1": 0.922564529558701,
        "threshold": 0.1489642954390608,
        "accuracy": 0.38881987577639754
    },
    "96.04": {
        "auroc": 0.6733450818690437,
        "auprc": 0.554274526667996,
        "f1": 0.5174234424498416,
        "threshold": 0.10947745121428276,
        "accuracy": 0.30439560439560437
    },
    "96.6": {
        "auroc": 0.30779392338177014,
        "auprc": 0.0009532888465204957,
        "f1": 0.0019047619047619048,
        "threshold": 0.2128225169932943,
        "accuracy": 0.0006600660066006601
    },
    "96.72": {
        "auroc": 0.6205757168458781,
        "auprc": 0.030463208825531163,
        "f1": 0.08641975308641975,
        "threshold": 0.4038164765908181,
        "accuracy": 0.01782178217821782
    },
    "37.22": {
        "auroc": 0.694764593143759,
        "auprc": 0.7536344258024706,
        "f1": 0.7005988023952096,
        "threshold": 0.052540360405417944,
        "accuracy": 0.525
    },
    "37.23": {
        "auroc": 0.6976131687242798,
        "auprc": 0.7903790063645622,
        "f1": 0.7280163599182005,
        "threshold": 0.04153095017349651,
        "accuracy": 0.5714285714285714
    },
    "401.9": {
        "auroc": 0.8348625205314598,
        "auprc": 0.5207162954286567,
        "f1": 0.6689851406892191,
        "threshold": 0.17517610342834136,
        "accuracy": 0.265924276169265
    },
    "412": {
        "auroc": 0.5341755719446117,
        "auprc": 0.22119704267186957,
        "f1": 0.3944099378881988,
        "threshold": 0.12081142807877294,
        "accuracy": 0.22564102564102564
    },
    "88.56": {
        "auroc": 0.37150664863646604,
        "auprc": 0.24807724781653612,
        "f1": 0.4915254237288136,
        "threshold": 0.02817943045798627,
        "accuracy": 0.3242236024844721
    },
    "V58.61": {
        "auroc": "undefined",
        "auprc": -0.0,
        "f1": 0.0,
        "threshold": 0.024882100017300596,
        "accuracy": 0.0
    },
    "39.95": {
        "auroc": 0.6589341488807914,
        "auprc": 0.8035242399297416,
        "f1": 0.8576051779935275,
        "threshold": 0.07842695097703843,
        "accuracy": 0.7064935064935065
    },
    "410.71": {
        "auroc": 0.5902978600347022,
        "auprc": 0.18649616962262394,
        "f1": 0.3882978723404255,
        "threshold": 0.1639433975659327,
        "accuracy": 0.17272727272727273
    },
    "414.01": {
        "auroc": 0.6596077619026292,
        "auprc": 0.45252201395482083,
        "f1": 0.6088039867109635,
        "threshold": 0.1762582574973566,
        "accuracy": 0.37798594847775174
    },
    "424.0": {
        "auroc": 0.8107731046685721,
        "auprc": 0.8148251051518846,
        "f1": 0.7381370826010545,
        "threshold": 0.14289299858978363,
        "accuracy": 0.488659793814433
    },
    "428.0": {
        "auroc": 0.8060112191099673,
        "auprc": 0.870064150357601,
        "f1": 0.8227241615331964,
        "threshold": 0.16231038764706351,
        "accuracy": 0.6343980343980344
    },
    "486": {
        "auroc": 0.7963711508765555,
        "auprc": 0.7964449913363367,
        "f1": 0.7694038245219348,
        "threshold": 0.17561459188095627,
        "accuracy": 0.5190476190476191
    },
    "599.0": {
        "auroc": 0.8626954778929746,
        "auprc": 0.8402232262083662,
        "f1": 0.8179800221975583,
        "threshold": 0.1874770890316286,
        "accuracy": 0.5156549520766773
    },
    "305.1": {
        "auroc": 0.604817065315412,
        "auprc": 0.2639989023242201,
        "f1": 0.4131455399061033,
        "threshold": 0.1662527910685291,
        "accuracy": 0.22415458937198068
    },
    "45.13": {
        "auroc": 0.6980714188360365,
        "auprc": 0.2345325678692895,
        "f1": 0.34893617021276596,
        "threshold": 0.24001748978799414,
        "accuracy": 0.13257142857142856
    },
    "99.04": {
        "auroc": 0.5700232469562247,
        "auprc": 0.26415474448341036,
        "f1": 0.3932411674347158,
        "threshold": 0.1644193617290572,
        "accuracy": 0.22575757575757577
    },
    "88.72": {
        "auroc": 0.4673202614379085,
        "auprc": 0.0991423615745569,
        "f1": 0.22794117647058823,
        "threshold": 0.08261584509605203,
        "accuracy": 0.11076923076923077
    },
    "285.1": {
        "auroc": 0.7002629272567923,
        "auprc": 0.5894326688110808,
        "f1": 0.5817174515235457,
        "threshold": 0.3152385952162008,
        "accuracy": 0.34866310160427805
    },
    "311": {
        "auroc": 0.34338176139321375,
        "auprc": 0.010127613362081482,
        "f1": 0.03063063063063063,
        "threshold": 0.018770976658804957,
        "accuracy": 0.013492063492063493
    },
    "403.90": {
        "auroc": 0.6252012854221444,
        "auprc": 0.6612925080027747,
        "f1": 0.7736585365853659,
        "threshold": 0.06978696663690802,
        "accuracy": 0.6082089552238806
    },
    "584.9": {
        "auroc": 0.7456804838836322,
        "auprc": 0.8176383745796256,
        "f1": 0.8176914778856527,
        "threshold": 0.1402170890373121,
        "accuracy": 0.6668449197860963
    },
    "585.9": {
        "auroc": 0.6443547583930493,
        "auprc": 0.44884945731907766,
        "f1": 0.5369807497467072,
        "threshold": 0.2040675125710823,
        "accuracy": 0.32551020408163267
    },
    "V45.81": {
        "auroc": 0.5823529411764706,
        "auprc": 0.03751887251634804,
        "f1": 0.09018567639257294,
        "threshold": 0.11247945482968645,
        "accuracy": 0.032520325203252036
    },
    "272.0": {
        "auroc": 0.9676234130015643,
        "auprc": 0.9068987645616232,
        "f1": 0.8956743002544529,
        "threshold": 0.2888115597121924,
        "accuracy": 0.24129032258064517
    },
    "496": {
        "auroc": 0.40271711202466604,
        "auprc": 0.02585455091589138,
        "f1": 0.07629427792915532,
        "threshold": 0.04484705361536779,
        "accuracy": 0.031840796019900496
    },
    "511.9": {
        "auroc": 0.8727133402995472,
        "auprc": 0.9148447628267851,
        "f1": 0.9021372328458943,
        "threshold": 0.1432504367054531,
        "accuracy": 0.725
    },