{
    "244.9": {
        "matches": 382,
        "total": 1275,
        "accuracy": 0.2996078431372549
    },
    "250.00": {
        "matches": 635,
        "total": 1875,
        "accuracy": 0.33866666666666667
    },
    "272.4": {
        "matches": 1295,
        "total": 3285,
        "accuracy": 0.3942161339421613
    },
    "33.24": {
        "matches": 226,
        "total": 625,
        "accuracy": 0.3616
    },
    "38.93": {
        "matches": 948,
        "total": 2090,
        "accuracy": 0.4535885167464115
    },
    "427.31": {
        "matches": 1530,
        "total": 2465,
        "accuracy": 0.6206896551724138
    },
    "507.0": {
        "matches": 292,
        "total": 550,
        "accuracy": 0.5309090909090909
    },
    "518.81": {
        "matches": 754,
        "total": 1510,
        "accuracy": 0.49933774834437084
    },
    "530.81": {
        "matches": 594,
        "total": 1610,
        "accuracy": 0.368944099378882
    },
    "96.04": {
        "matches": 877,
        "total": 1820,
        "accuracy": 0.4818681318681319
    },
    "96.6": {
        "matches": 646,
        "total": 1515,
        "accuracy": 0.4264026402640264
    },
    "96.72": {
        "matches": 417,
        "total": 1010,
        "accuracy": 0.41287128712871285
    },
    "37.22": {
        "matches": 411,
        "total": 680,
        "accuracy": 0.6044117647058823
    },
    "37.23": {
        "matches": 205,
        "total": 315,
        "accuracy": 0.6507936507936508
    },
    "401.9": {
        "matches": 1934,
        "total": 4490,
        "accuracy": 0.4307349665924276
    },
    "412": {
        "matches": 333,
        "total": 780,
        "accuracy": 0.4269230769230769
    },
    "88.56": {
        "matches": 467,
        "total": 805,
        "accuracy": 0.5801242236024845
    },
    "V58.61": {
        "matches": 721,
        "total": 1445,
        "accuracy": 0.49896193771626296
    },
    "39.95": {
        "matches": 201,
        "total": 385,
        "accuracy": 0.522077922077922
    },
    "410.71": {
        "matches": 201,
        "total": 440,
        "accuracy": 0.45681818181818185
    },
    "414.01": {
        "matches": 1264,
        "total": 2135,
        "accuracy": 0.5920374707259953
    },
    "424.0": {
        "matches": 363,
        "total": 485,
        "accuracy": 0.7484536082474227
    },
    "428.0": {
        "matches": 995,
        "total": 2035,
        "accuracy": 0.48894348894348894
    },
    "486": {
        "matches": 440,
        "total": 840,
        "accuracy": 0.5238095238095238
    },
    "599.0": {
        "matches": 583,
        "total": 1565,
        "accuracy": 0.37252396166134183
    },
    "305.1": {
        "matches": 334,
        "total": 1035,
        "accuracy": 0.32270531400966185
    },
    "45.13": {
        "matches": 482,
        "total": 875,
        "accuracy": 0.5508571428571428
    },
    "99.04": {
        "matches": 226,
        "total": 660,
        "accuracy": 0.3424242424242424
    },
    "88.72": {
        "matches": 201,
        "total": 325,
        "accuracy": 0.6184615384615385
    },
    "285.1": {
        "matches": 424,
        "total": 935,
        "accuracy": 0.453475935828877
    },
    "311": {
        "matches": 497,
        "total": 1260,
        "accuracy": 0.39444444444444443
    },
    "403.90": {
        "matches": 550,
        "total": 1340,
        "accuracy": 0.41044776119402987
    },
    "584.9": {
        "matches": 821,
        "total": 1870,
        "accuracy": 0.4390374331550802
    },
    "585.9": {
        "matches": 380,
        "total": 980,
        "accuracy": 0.3877551020408163
    },
    "V45.81": {
        "matches": 258,
        "total": 615,
        "accuracy": 0.4195121951219512
    },
    "272.0": {
        "matches": 218,
        "total": 775,
        "accuracy": 0.2812903225806452
    },
    "496": {
        "matches": 502,
        "total": 1005,
        "accuracy": 0.49950248756218907
    },
    "511.9": {
        "matches": 391,
        "total": 600,
        "accuracy": 0.6516666666666666
    },
    "99.15": {
        "matches": 181,
        "total": 435,
        "accuracy": 0.4160919540229885
    },
    "36.15": {
        "matches": 449,
        "total": 720,
        "accuracy": 0.6236111111111111
    },
    "39.61": {
        "matches": 859,
        "total": 1195,
        "accuracy": 0.7188284518828452
    },
    "276.1": {
        "matches": 249,
        "total": 570,
        "accuracy": 0.4368421052631579
    },
    "96.71": {
        "matches": 840,
        "total": 1775,
        "accuracy": 0.4732394366197183
    },
    "276.2": {
        "matches": 205,
        "total": 510,
        "accuracy": 0.4019607843137255
    },
    "285.9": {
        "matches": 161,
        "total": 500,
        "accuracy": 0.322
    },
    "287.5": {
        "matches": 215,
        "total": 680,
        "accuracy": 0.3161764705882353
    },
    "V15.82": {
        "matches": 97,
        "total": 500,
        "accuracy": 0.194
    },
    "038.9": {
        "matches": 450,
        "total": 985,
        "accuracy": 0.45685279187817257
    },
    "995.92": {
        "matches": 458,
        "total": 1085,
        "accuracy": 0.4221198156682028
    },
    "38.91": {
        "matches": 34,
        "total": 90,
        "accuracy": 0.37777777777777777
    },
    "mean": {
        "matches": 26196,
        "total": 57350,
        "accuracy": 0.4567741935483871
    }
}