{
    "244.9": {
        "matches": 371,
        "total": 1275,
        "accuracy": 0.2909803921568627
    },
    "250.00": {
        "matches": 692,
        "total": 1875,
        "accuracy": 0.36906666666666665
    },
    "272.4": {
        "matches": 1167,
        "total": 3285,
        "accuracy": 0.3552511415525114
    },
    "33.24": {
        "matches": 260,
        "total": 625,
        "accuracy": 0.416
    },
    "38.93": {
        "matches": 1313,
        "total": 2090,
        "accuracy": 0.6282296650717704
    },
    "427.31": {
        "matches": 1490,
        "total": 2465,
        "accuracy": 0.6044624746450304
    },
    "507.0": {
        "matches": 321,
        "total": 550,
        "accuracy": 0.5836363636363636
    },
    "518.81": {
        "matches": 867,
        "total": 1510,
        "accuracy": 0.5741721854304636
    },
    "530.81": {
        "matches": 458,
        "total": 1610,
        "accuracy": 0.284472049689441
    },
    "96.04": {
        "matches": 1109,
        "total": 1820,
        "accuracy": 0.6093406593406593
    },
    "96.6": {
        "matches": 913,
        "total": 1515,
        "accuracy": 0.6026402640264027
    },
    "96.72": {
        "matches": 564,
        "total": 1010,
        "accuracy": 0.5584158415841585
    },
    "37.22": {
        "matches": 496,
        "total": 680,
        "accuracy": 0.7294117647058823
    },
    "37.23": {
        "matches": 223,
        "total": 315,
        "accuracy": 0.707936507936508
    },
    "401.9": {
        "matches": 1861,
        "total": 4490,
        "accuracy": 0.41447661469933184
    },
    "412": {
        "matches": 309,
        "total": 780,
        "accuracy": 0.39615384615384613
    },
    "88.56": {
        "matches": 555,
        "total": 805,
        "accuracy": 0.6894409937888198
    },
    "V58.61": {
        "matches": 748,
        "total": 1445,
        "accuracy": 0.5176470588235295
    },
    "39.95": {
        "matches": 233,
        "total": 385,
        "accuracy": 0.6051948051948052
    },
    "410.71": {
        "matches": 216,
        "total": 440,
        "accuracy": 0.4909090909090909
    },
    "414.01": {
        "matches": 1322,
        "total": 2135,
        "accuracy": 0.6192037470725995
    },
    "424.0": {
        "matches": 338,
        "total": 485,
        "accuracy": 0.6969072164948453
    },
    "428.0": {
        "matches": 1035,
        "total": 2035,
        "accuracy": 0.5085995085995086
    },
    "486": {
        "matches": 480,
        "total": 840,
        "accuracy": 0.5714285714285714
    },
    "599.0": {
        "matches": 586,
        "total": 1565,
        "accuracy": 0.3744408945686901
    },
    "305.1": {
        "matches": 302,
        "total": 1035,
        "accuracy": 0.29178743961352654
    },
    "45.13": {
        "matches": 567,
        "total": 875,
        "accuracy": 0.648
    },
    "99.04": {
        "matches": 305,
        "total": 660,
        "accuracy": 0.4621212121212121
    },
    "88.72": {
        "matches": 204,
        "total": 325,
        "accuracy": 0.6276923076923077
    },
    "285.1": {
        "matches": 489,
        "total": 935,
        "accuracy": 0.5229946524064171
    },
    "311": {
        "matches": 477,
        "total": 1260,
        "accuracy": 0.37857142857142856
    },
    "403.90": {
        "matches": 575,
        "total": 1340,
        "accuracy": 0.4291044776119403
    },
    "584.9": {
        "matches": 893,
        "total": 1870,
        "accuracy": 0.47754010695187166
    },
    "585.9": {
        "matches": 412,
        "total": 980,
        "accuracy": 0.4204081632653061
    },
    "V45.81": {
        "matches": 286,
        "total": 615,
        "accuracy": 0.46504065040650405
    },
    "272.0": {
        "matches": 217,
        "total": 775,
        "accuracy": 0.28
    },
    "496": {
        "matches": 518,
        "total": 1005,
        "accuracy": 0.5154228855721393
    },
    "511.9": {
        "matches": 373,
        "total": 600,
        "accuracy": 0.6216666666666667
    },
    "99.15": {
        "matches": 191,
        "total": 435,
        "accuracy": 0.43908045977011495
    },
    "36.15": {
        "matches": 493,
        "total": 720,
        "accuracy": 0.6847222222222222
    },
    "39.61": {
        "matches": 955,
        "total": 1195,
        "accuracy": 0.799163179916318
    },
    "276.1": {
        "matches": 244,
        "total": 570,
        "accuracy": 0.4280701754385965
    },
    "96.71": {
        "matches": 982,
        "total": 1775,
        "accuracy": 0.5532394366197183
    },
    "276.2": {
        "matches": 242,
        "total": 510,
        "accuracy": 0.4745098039215686
    },
    "285.9": {
        "matches": 186,
        "total": 500,
        "accuracy": 0.372
    },
    "287.5": {
        "matches": 247,
        "total": 680,
        "accuracy": 0.36323529411764705
    },
    "V15.82": {
        "matches": 97,
        "total": 500,
        "accuracy": 0.194
    },
    "038.9": {
        "matches": 509,
        "total": 985,
        "accuracy": 0.516751269035533
    },
    "995.92": {
        "matches": 545,
        "total": 1085,
        "accuracy": 0.5023041474654378
    },
    "38.91": {
        "matches": 62,
        "total": 90,
        "accuracy": 0.6888888888888889
    },
    "mean": {
        "matches": 28298,
        "total": 57350,
        "accuracy": 0.4934263295553618
    }
}