{
    "244.9": {
        "matches": 613,
        "total": 1275,
        "accuracy": 0.4807843137254902
    },
    "250.00": {
        "matches": 968,
        "total": 1875,
        "accuracy": 0.5162666666666667
    },
    "272.4": {
        "matches": 1498,
        "total": 3285,
        "accuracy": 0.4560121765601218
    },
    "33.24": {
        "matches": 275,
        "total": 625,
        "accuracy": 0.44
    },
    "38.93": {
        "matches": 975,
        "total": 2090,
        "accuracy": 0.4665071770334928
    },
    "427.31": {
        "matches": 1669,
        "total": 2465,
        "accuracy": 0.6770791075050709
    },
    "507.0": {
        "matches": 402,
        "total": 550,
        "accuracy": 0.730909090909091
    },
    "518.81": {
        "matches": 915,
        "total": 1510,
        "accuracy": 0.6059602649006622
    },
    "530.81": {
        "matches": 667,
        "total": 1610,
        "accuracy": 0.4142857142857143
    },
    "96.04": {
        "matches": 905,
        "total": 1820,
        "accuracy": 0.49725274725274726
    },
    "96.6": {
        "matches": 660,
        "total": 1515,
        "accuracy": 0.43564356435643564
    },
    "96.72": {
        "matches": 457,
        "total": 1010,
        "accuracy": 0.4524752475247525
    },
    "37.22": {
        "matches": 473,
        "total": 680,
        "accuracy": 0.6955882352941176
    },
    "37.23": {
        "matches": 227,
        "total": 315,
        "accuracy": 0.7206349206349206
    },
    "401.9": {
        "matches": 2393,
        "total": 4490,
        "accuracy": 0.5329621380846326
    },
    "412": {
        "matches": 392,
        "total": 780,
        "accuracy": 0.5025641025641026
    },
    "88.56": {
        "matches": 540,
        "total": 805,
        "accuracy": 0.6708074534161491
    },
    "V58.61": {
        "matches": 918,
        "total": 1445,
        "accuracy": 0.6352941176470588
    },
    "39.95": {
        "matches": 255,
        "total": 385,
        "accuracy": 0.6623376623376623
    },
    "410.71": {
        "matches": 281,
        "total": 440,
        "accuracy": 0.6386363636363637
    },
    "414.01": {
        "matches": 1496,
        "total": 2135,
        "accuracy": 0.7007025761124122
    },
    "424.0": {
        "matches": 340,
        "total": 485,
        "accuracy": 0.7010309278350515
    },
    "428.0": {
        "matches": 1354,
        "total": 2035,
        "accuracy": 0.6653562653562654
    },
    "486": {
        "matches": 577,
        "total": 840,
        "accuracy": 0.6869047619047619
    },
    "599.0": {
        "matches": 775,
        "total": 1565,
        "accuracy": 0.4952076677316294
    },
    "305.1": {
        "matches": 342,
        "total": 1035,
        "accuracy": 0.33043478260869563
    },
    "45.13": {
        "matches": 529,
        "total": 875,
        "accuracy": 0.6045714285714285
    },
    "99.04": {
        "matches": 244,
        "total": 660,
        "accuracy": 0.3696969696969697
    },
    "88.72": {
        "matches": 177,
        "total": 325,
        "accuracy": 0.5446153846153846
    },
    "285.1": {
        "matches": 577,
        "total": 935,
        "accuracy": 0.6171122994652406
    },
    "311": {
        "matches": 578,
        "total": 1260,
        "accuracy": 0.4587301587301587
    },
    "403.90": {
        "matches": 723,
        "total": 1340,
        "accuracy": 0.5395522388059701
    },
    "584.9": {
        "matches": 1015,
        "total": 1870,
        "accuracy": 0.5427807486631016
    },
    "585.9": {
        "matches": 516,
        "total": 980,
        "accuracy": 0.5265306122448979
    },
    "V45.81": {
        "matches": 390,
        "total": 615,
        "accuracy": 0.6341463414634146
    },
    "272.0": {
        "matches": 300,
        "total": 775,
        "accuracy": 0.3870967741935484
    },
    "496": {
        "matches": 631,
        "total": 1005,
        "accuracy": 0.6278606965174129
    },
    "511.9": {
        "matches": 419,
        "total": 600,
        "accuracy": 0.6983333333333334
    },
    "99.15": {
        "matches": 211,
        "total": 435,
        "accuracy": 0.4850574712643678
    },
    "36.15": {
        "matches": 538,
        "total": 720,
        "accuracy": 0.7472222222222222
    },
    "39.61": {
        "matches": 894,
        "total": 1195,
        "accuracy": 0.7481171548117155
    },
    "276.1": {
        "matches": 310,
        "total": 570,
        "accuracy": 0.543859649122807
    },
    "96.71": {
        "matches": 914,
        "total": 1775,
        "accuracy": 0.5149295774647887
    },
    "276.2": {
        "matches": 246,
        "total": 510,
        "accuracy": 0.4823529411764706
    },
    "285.9": {
        "matches": 208,
        "total": 500,
        "accuracy": 0.416
    },
    "287.5": {
        "matches": 341,
        "total": 680,
        "accuracy": 0.5014705882352941
    },
    "V15.82": {
        "matches": 107,
        "total": 500,
        "accuracy": 0.214
    },
    "038.9": {
        "matches": 620,
        "total": 985,
        "accuracy": 0.6294416243654822
    },
    "995.92": {
        "matches": 658,
        "total": 1085,
        "accuracy": 0.6064516129032258
    },
    "38.91": {
        "matches": 37,
        "total": 90,
        "accuracy": 0.4111111111111111
    },
    "mean": {
        "matches": 31550,
        "total": 57350,
        "accuracy": 0.5501307759372276
    }
}