{
    "244.9": {
        "matches": 90,
        "total": 1275,
        "accuracy": 0.07058823529411765
    },
    "250.00": {
        "matches": 158,
        "total": 1875,
        "accuracy": 0.08426666666666667
    },
    "272.4": {
        "matches": 437,
        "total": 3285,
        "accuracy": 0.13302891933028918
    },
    "33.24": {
        "matches": 72,
        "total": 625,
        "accuracy": 0.1152
    },
    "38.93": {
        "matches": 70,
        "total": 2090,
        "accuracy": 0.03349282296650718
    },
    "427.31": {
        "matches": 472,
        "total": 2465,
        "accuracy": 0.19148073022312373
    },
    "507.0": {
        "matches": 93,
        "total": 550,
        "accuracy": 0.1690909090909091
    },
    "518.81": {
        "matches": 250,
        "total": 1510,
        "accuracy": 0.16556291390728478
    },
    "530.81": {
        "matches": 258,
        "total": 1610,
        "accuracy": 0.16024844720496895
    },
    "96.04": {
        "matches": 247,
        "total": 1820,
        "accuracy": 0.1357142857142857
    },
    "96.6": {
        "matches": 134,
        "total": 1515,
        "accuracy": 0.08844884488448845
    },
    "96.72": {
        "matches": 115,
        "total": 1010,
        "accuracy": 0.11386138613861387
    },
    "37.22": {
        "matches": 184,
        "total": 680,
        "accuracy": 0.27058823529411763
    },
    "37.23": {
        "matches": 86,
        "total": 315,
        "accuracy": 0.273015873015873
    },
    "401.9": {
        "matches": 576,
        "total": 4490,
        "accuracy": 0.12828507795100222
    },
    "412": {
        "matches": 95,
        "total": 780,
        "accuracy": 0.12179487179487179
    },
    "88.56": {
        "matches": 184,
        "total": 805,
        "accuracy": 0.22857142857142856
    },
    "V58.61": {
        "matches": 205,
        "total": 1445,
        "accuracy": 0.14186851211072665
    },
    "39.95": {
        "matches": 60,
        "total": 385,
        "accuracy": 0.15584415584415584
    },
    "410.71": {
        "matches": 45,
        "total": 440,
        "accuracy": 0.10227272727272728
    },
    "414.01": {
        "matches": 635,
        "total": 2135,
        "accuracy": 0.297423887587822
    },
    "424.0": {
        "matches": 155,
        "total": 485,
        "accuracy": 0.31958762886597936
    },
    "428.0": {
        "matches": 357,
        "total": 2035,
        "accuracy": 0.17542997542997543
    },
    "486": {
        "matches": 158,
        "total": 840,
        "accuracy": 0.1880952380952381
    },
    "599.0": {
        "matches": 120,
        "total": 1565,
        "accuracy": 0.07667731629392971
    },
    "305.1": {
        "matches": 102,
        "total": 1035,
        "accuracy": 0.09855072463768116
    },
    "45.13": {
        "matches": 133,
        "total": 875,
        "accuracy": 0.152
    },
    "99.04": {
        "matches": 51,
        "total": 660,
        "accuracy": 0.07727272727272727
    },
    "88.72": {
        "matches": 53,
        "total": 325,
        "accuracy": 0.16307692307692306
    },
    "285.1": {
        "matches": 146,
        "total": 935,
        "accuracy": 0.15614973262032086
    },
    "311": {
        "matches": 162,
        "total": 1260,
        "accuracy": 0.12857142857142856
    },
    "403.90": {
        "matches": 213,
        "total": 1340,
        "accuracy": 0.15895522388059702
    },
    "584.9": {
        "matches": 359,
        "total": 1870,
        "accuracy": 0.19197860962566846
    },
    "585.9": {
        "matches": 126,
        "total": 980,
        "accuracy": 0.12857142857142856
    },
    "V45.81": {
        "matches": 87,
        "total": 615,
        "accuracy": 0.14146341463414633
    },
    "272.0": {
        "matches": 66,
        "total": 775,
        "accuracy": 0.08516129032258064
    },
    "496": {
        "matches": 174,
        "total": 1005,
        "accuracy": 0.17313432835820897
    },
    "511.9": {
        "matches": 108,
        "total": 600,
        "accuracy": 0.18
    },
    "99.15": {
        "matches": 30,
        "total": 435,
        "accuracy": 0.06896551724137931
    },
    "36.15": {
        "matches": 356,
        "total": 720,
        "accuracy": 0.49444444444444446
    },
    "39.61": {
        "matches": 679,
        "total": 1195,
        "accuracy": 0.5682008368200837
    },
    "276.1": {
        "matches": 103,
        "total": 570,
        "accuracy": 0.18070175438596492
    },
    "96.71": {
        "matches": 254,
        "total": 1775,
        "accuracy": 0.14309859154929577
    },
    "276.2": {
        "matches": 88,
        "total": 510,
        "accuracy": 0.17254901960784313
    },
    "285.9": {
        "matches": 40,
        "total": 500,
        "accuracy": 0.08
    },
    "287.5": {
        "matches": 87,
        "total": 680,
        "accuracy": 0.12794117647058822
    },
    "V15.82": {
        "matches": 19,
        "total": 500,
        "accuracy": 0.038
    },
    "038.9": {
        "matches": 133,
        "total": 985,
        "accuracy": 0.1350253807106599
    },
    "995.92": {
        "matches": 174,
        "total": 1085,
        "accuracy": 0.16036866359447005
    },
    "38.91": {
        "matches": 5,
        "total": 90,
        "accuracy": 0.05555555555555555
    },
    "mean": {
        "matches": 9004,
        "total": 57350,
        "accuracy": 0.15700087183958153
    }
}