{
    "244.9": {
        "matches": 602,
        "total": 1275,
        "accuracy": 0.47215686274509805
    },
    "250.00": {
        "matches": 937,
        "total": 1875,
        "accuracy": 0.4997333333333333
    },
    "272.4": {
        "matches": 1404,
        "total": 3285,
        "accuracy": 0.4273972602739726
    },
    "33.24": {
        "matches": 249,
        "total": 625,
        "accuracy": 0.3984
    },
    "38.93": {
        "matches": 836,
        "total": 2090,
        "accuracy": 0.4
    },
    "427.31": {
        "matches": 1479,
        "total": 2465,
        "accuracy": 0.6
    },
    "507.0": {
        "matches": 384,
        "total": 550,
        "accuracy": 0.6981818181818182
    },
    "518.81": {
        "matches": 815,
        "total": 1510,
        "accuracy": 0.5397350993377483
    },
    "530.81": {
        "matches": 621,
        "total": 1610,
        "accuracy": 0.38571428571428573
    },
    "96.04": {
        "matches": 797,
        "total": 1820,
        "accuracy": 0.4379120879120879
    },
    "96.6": {
        "matches": 646,
        "total": 1515,
        "accuracy": 0.4264026402640264
    },
    "96.72": {
        "matches": 432,
        "total": 1010,
        "accuracy": 0.4277227722772277
    },
    "37.22": {
        "matches": 461,
        "total": 680,
        "accuracy": 0.6779411764705883
    },
    "37.23": {
        "matches": 225,
        "total": 315,
        "accuracy": 0.7142857142857143
    },
    "401.9": {
        "matches": 2206,
        "total": 4490,
        "accuracy": 0.4913140311804009
    },
    "412": {
        "matches": 357,
        "total": 780,
        "accuracy": 0.4576923076923077
    },
    "88.56": {
        "matches": 512,
        "total": 805,
        "accuracy": 0.6360248447204969
    },
    "V58.61": {
        "matches": 895,
        "total": 1445,
        "accuracy": 0.6193771626297578
    },
    "39.95": {
        "matches": 246,
        "total": 385,
        "accuracy": 0.638961038961039
    },
    "410.71": {
        "matches": 260,
        "total": 440,
        "accuracy": 0.5909090909090909
    },
    "414.01": {
        "matches": 1436,
        "total": 2135,
        "accuracy": 0.672599531615925
    },
    "424.0": {
        "matches": 315,
        "total": 485,
        "accuracy": 0.6494845360824743
    },
    "428.0": {
        "matches": 1275,
        "total": 2035,
        "accuracy": 0.6265356265356266
    },
    "486": {
        "matches": 547,
        "total": 840,
        "accuracy": 0.6511904761904762
    },
    "599.0": {
        "matches": 773,
        "total": 1565,
        "accuracy": 0.4939297124600639
    },
    "305.1": {
        "matches": 329,
        "total": 1035,
        "accuracy": 0.3178743961352657
    },
    "45.13": {
        "matches": 493,
        "total": 875,
        "accuracy": 0.5634285714285714
    },
    "99.04": {
        "matches": 243,
        "total": 660,
        "accuracy": 0.36818181818181817
    },
    "88.72": {
        "matches": 132,
        "total": 325,
        "accuracy": 0.40615384615384614
    },
    "285.1": {
        "matches": 557,
        "total": 935,
        "accuracy": 0.5957219251336898
    },
    "311": {
        "matches": 554,
        "total": 1260,
        "accuracy": 0.4396825396825397
    },
    "403.90": {
        "matches": 687,
        "total": 1340,
        "accuracy": 0.5126865671641792
    },
    "584.9": {
        "matches": 962,
        "total": 1870,
        "accuracy": 0.5144385026737968
    },
    "585.9": {
        "matches": 491,
        "total": 980,
        "accuracy": 0.5010204081632653
    },
    "V45.81": {
        "matches": 361,
        "total": 615,
        "accuracy": 0.5869918699186992
    },
    "272.0": {
        "matches": 262,
        "total": 775,
        "accuracy": 0.33806451612903227
    },
    "496": {
        "matches": 608,
        "total": 1005,
        "accuracy": 0.6049751243781094
    },
    "511.9": {
        "matches": 375,
        "total": 600,
        "accuracy": 0.625
    },
    "99.15": {
        "matches": 199,
        "total": 435,
        "accuracy": 0.4574712643678161
    },
    "36.15": {
        "matches": 514,
        "total": 720,
        "accuracy": 0.7138888888888889
    },
    "39.61": {
        "matches": 856,
        "total": 1195,
        "accuracy": 0.7163179916317992
    },
    "276.1": {
        "matches": 313,
        "total": 570,
        "accuracy": 0.5491228070175439
    },
    "96.71": {
        "matches": 787,
        "total": 1775,
        "accuracy": 0.4433802816901408
    },
    "276.2": {
        "matches": 244,
        "total": 510,
        "accuracy": 0.47843137254901963
    },
    "285.9": {
        "matches": 196,
        "total": 500,
        "accuracy": 0.392
    },
    "287.5": {
        "matches": 322,
        "total": 680,
        "accuracy": 0.47352941176470587
    },
    "V15.82": {
        "matches": 107,
        "total": 500,
        "accuracy": 0.214
    },
    "038.9": {
        "matches": 597,
        "total": 985,
        "accuracy": 0.6060913705583756
    },
    "995.92": {
        "matches": 652,
        "total": 1085,
        "accuracy": 0.6009216589861751
    },
    "38.91": {
        "matches": 32,
        "total": 90,
        "accuracy": 0.35555555555555557
    },
    "mean": {
        "matches": 29583,
        "total": 57350,
        "accuracy": 0.5158326068003487
    }
}