{
    "244.9": {
        "matches": 601,
        "total": 1275,
        "accuracy": 0.47137254901960784
    },
    "250.00": {
        "matches": 931,
        "total": 1875,
        "accuracy": 0.4965333333333333
    },
    "272.4": {
        "matches": 1615,
        "total": 3285,
        "accuracy": 0.4916286149162861
    },
    "33.24": {
        "matches": 254,
        "total": 625,
        "accuracy": 0.4064
    },
    "38.93": {
        "matches": 804,
        "total": 2090,
        "accuracy": 0.384688995215311
    },
    "427.31": {
        "matches": 1508,
        "total": 2465,
        "accuracy": 0.611764705882353
    },
    "507.0": {
        "matches": 357,
        "total": 550,
        "accuracy": 0.649090909090909
    },
    "518.81": {
        "matches": 795,
        "total": 1510,
        "accuracy": 0.5264900662251656
    },
    "530.81": {
        "matches": 811,
        "total": 1610,
        "accuracy": 0.5037267080745341
    },
    "96.04": {
        "matches": 876,
        "total": 1820,
        "accuracy": 0.48131868131868133
    },
    "96.6": {
        "matches": 648,
        "total": 1515,
        "accuracy": 0.4277227722772277
    },
    "96.72": {
        "matches": 427,
        "total": 1010,
        "accuracy": 0.42277227722772276
    },
    "37.22": {
        "matches": 429,
        "total": 680,
        "accuracy": 0.6308823529411764
    },
    "37.23": {
        "matches": 221,
        "total": 315,
        "accuracy": 0.7015873015873015
    },
    "401.9": {
        "matches": 2223,
        "total": 4490,
        "accuracy": 0.4951002227171492
    },
    "412": {
        "matches": 409,
        "total": 780,
        "accuracy": 0.5243589743589744
    },
    "88.56": {
        "matches": 477,
        "total": 805,
        "accuracy": 0.5925465838509317
    },
    "V58.61": {
        "matches": 850,
        "total": 1445,
        "accuracy": 0.5882352941176471
    },
    "39.95": {
        "matches": 226,
        "total": 385,
        "accuracy": 0.587012987012987
    },
    "410.71": {
        "matches": 237,
        "total": 440,
        "accuracy": 0.5386363636363637
    },
    "414.01": {
        "matches": 1448,
        "total": 2135,
        "accuracy": 0.6782201405152225
    },
    "424.0": {
        "matches": 330,
        "total": 485,
        "accuracy": 0.6804123711340206
    },
    "428.0": {
        "matches": 1200,
        "total": 2035,
        "accuracy": 0.5896805896805897
    },
    "486": {
        "matches": 525,
        "total": 840,
        "accuracy": 0.625
    },
    "599.0": {
        "matches": 793,
        "total": 1565,
        "accuracy": 0.5067092651757189
    },
    "305.1": {
        "matches": 363,
        "total": 1035,
        "accuracy": 0.3507246376811594
    },
    "45.13": {
        "matches": 497,
        "total": 875,
        "accuracy": 0.568
    },
    "99.04": {
        "matches": 236,
        "total": 660,
        "accuracy": 0.3575757575757576
    },
    "88.72": {
        "matches": 157,
        "total": 325,
        "accuracy": 0.48307692307692307
    },
    "285.1": {
        "matches": 487,
        "total": 935,
        "accuracy": 0.520855614973262
    },
    "311": {
        "matches": 642,
        "total": 1260,
        "accuracy": 0.5095238095238095
    },
    "403.90": {
        "matches": 658,
        "total": 1340,
        "accuracy": 0.491044776119403
    },
    "584.9": {
        "matches": 919,
        "total": 1870,
        "accuracy": 0.4914438502673797
    },
    "585.9": {
        "matches": 459,
        "total": 980,
        "accuracy": 0.4683673469387755
    },
    "V45.81": {
        "matches": 359,
        "total": 615,
        "accuracy": 0.583739837398374
    },
    "272.0": {
        "matches": 302,
        "total": 775,
        "accuracy": 0.3896774193548387
    },
    "496": {
        "matches": 618,
        "total": 1005,
        "accuracy": 0.6149253731343284
    },
    "511.9": {
        "matches": 368,
        "total": 600,
        "accuracy": 0.6133333333333333
    },
    "99.15": {
        "matches": 192,
        "total": 435,
        "accuracy": 0.4413793103448276
    },
    "36.15": {
        "matches": 506,
        "total": 720,
        "accuracy": 0.7027777777777777
    },
    "39.61": {
        "matches": 906,
        "total": 1195,
        "accuracy": 0.7581589958158996
    },
    "276.1": {
        "matches": 292,
        "total": 570,
        "accuracy": 0.512280701754386
    },
    "96.71": {
        "matches": 841,
        "total": 1775,
        "accuracy": 0.47380281690140846
    },
    "276.2": {
        "matches": 247,
        "total": 510,
        "accuracy": 0.4843137254901961
    },
    "285.9": {
        "matches": 181,
        "total": 500,
        "accuracy": 0.362
    },
    "287.5": {
        "matches": 315,
        "total": 680,
        "accuracy": 0.4632352941176471
    },
    "V15.82": {
        "matches": 104,
        "total": 500,
        "accuracy": 0.208
    },
    "038.9": {
        "matches": 553,
        "total": 985,
        "accuracy": 0.5614213197969543
    },
    "995.92": {
        "matches": 621,
        "total": 1085,
        "accuracy": 0.5723502304147465
    },
    "38.91": {
        "matches": 30,
        "total": 90,
        "accuracy": 0.3333333333333333
    },
    "mean": {
        "matches": 29848,
        "total": 57350,
        "accuracy": 0.5204533565823889
    }
}