{
    "244.9": {
        "matches": 608,
        "total": 1275,
        "accuracy": 0.4768627450980392
    },
    "250.00": {
        "matches": 962,
        "total": 1875,
        "accuracy": 0.5130666666666667
    },
    "272.4": {
        "matches": 1669,
        "total": 3285,
        "accuracy": 0.5080669710806697
    },
    "33.24": {
        "matches": 271,
        "total": 625,
        "accuracy": 0.4336
    },
    "38.93": {
        "matches": 926,
        "total": 2090,
        "accuracy": 0.4430622009569378
    },
    "427.31": {
        "matches": 1676,
        "total": 2465,
        "accuracy": 0.6799188640973631
    },
    "507.0": {
        "matches": 373,
        "total": 550,
        "accuracy": 0.6781818181818182
    },
    "518.81": {
        "matches": 880,
        "total": 1510,
        "accuracy": 0.5827814569536424
    },
    "530.81": {
        "matches": 839,
        "total": 1610,
        "accuracy": 0.5211180124223602
    },
    "96.04": {
        "matches": 976,
        "total": 1820,
        "accuracy": 0.5362637362637362
    },
    "96.6": {
        "matches": 719,
        "total": 1515,
        "accuracy": 0.4745874587458746
    },
    "96.72": {
        "matches": 468,
        "total": 1010,
        "accuracy": 0.4633663366336634
    },
    "37.22": {
        "matches": 439,
        "total": 680,
        "accuracy": 0.6455882352941177
    },
    "37.23": {
        "matches": 224,
        "total": 315,
        "accuracy": 0.7111111111111111
    },
    "401.9": {
        "matches": 2370,
        "total": 4490,
        "accuracy": 0.5278396436525612
    },
    "412": {
        "matches": 419,
        "total": 780,
        "accuracy": 0.5371794871794872
    },
    "88.56": {
        "matches": 484,
        "total": 805,
        "accuracy": 0.6012422360248447
    },
    "V58.61": {
        "matches": 857,
        "total": 1445,
        "accuracy": 0.5930795847750865
    },
    "39.95": {
        "matches": 232,
        "total": 385,
        "accuracy": 0.6025974025974026
    },
    "410.71": {
        "matches": 249,
        "total": 440,
        "accuracy": 0.5659090909090909
    },
    "414.01": {
        "matches": 1507,
        "total": 2135,
        "accuracy": 0.7058548009367681
    },
    "424.0": {
        "matches": 348,
        "total": 485,
        "accuracy": 0.7175257731958763
    },
    "428.0": {
        "matches": 1296,
        "total": 2035,
        "accuracy": 0.6368550368550369
    },
    "486": {
        "matches": 554,
        "total": 840,
        "accuracy": 0.6595238095238095
    },
    "599.0": {
        "matches": 805,
        "total": 1565,
        "accuracy": 0.5143769968051118
    },
    "305.1": {
        "matches": 386,
        "total": 1035,
        "accuracy": 0.37294685990338167
    },
    "45.13": {
        "matches": 508,
        "total": 875,
        "accuracy": 0.5805714285714285
    },
    "99.04": {
        "matches": 273,
        "total": 660,
        "accuracy": 0.41363636363636364
    },
    "88.72": {
        "matches": 192,
        "total": 325,
        "accuracy": 0.5907692307692308
    },
    "285.1": {
        "matches": 508,
        "total": 935,
        "accuracy": 0.5433155080213904
    },
    "311": {
        "matches": 662,
        "total": 1260,
        "accuracy": 0.5253968253968254
    },
    "403.90": {
        "matches": 706,
        "total": 1340,
        "accuracy": 0.5268656716417911
    },
    "584.9": {
        "matches": 970,
        "total": 1870,
        "accuracy": 0.5187165775401069
    },
    "585.9": {
        "matches": 491,
        "total": 980,
        "accuracy": 0.5010204081632653
    },
    "V45.81": {
        "matches": 377,
        "total": 615,
        "accuracy": 0.6130081300813008
    },
    "272.0": {
        "matches": 315,
        "total": 775,
        "accuracy": 0.4064516129032258
    },
    "496": {
        "matches": 641,
        "total": 1005,
        "accuracy": 0.6378109452736318
    },
    "511.9": {
        "matches": 422,
        "total": 600,
        "accuracy": 0.7033333333333334
    },
    "99.15": {
        "matches": 214,
        "total": 435,
        "accuracy": 0.49195402298850577
    },
    "36.15": {
        "matches": 533,
        "total": 720,
        "accuracy": 0.7402777777777778
    },
    "39.61": {
        "matches": 954,
        "total": 1195,
        "accuracy": 0.798326359832636
    },
    "276.1": {
        "matches": 311,
        "total": 570,
        "accuracy": 0.5456140350877193
    },
    "96.71": {
        "matches": 937,
        "total": 1775,
        "accuracy": 0.527887323943662
    },
    "276.2": {
        "matches": 252,
        "total": 510,
        "accuracy": 0.49411764705882355
    },
    "285.9": {
        "matches": 199,
        "total": 500,
        "accuracy": 0.398
    },
    "287.5": {
        "matches": 320,
        "total": 680,
        "accuracy": 0.47058823529411764
    },
    "V15.82": {
        "matches": 108,
        "total": 500,
        "accuracy": 0.216
    },
    "038.9": {
        "matches": 570,
        "total": 985,
        "accuracy": 0.5786802030456852
    },
    "995.92": {
        "matches": 621,
        "total": 1085,
        "accuracy": 0.5723502304147465
    },
    "38.91": {
        "matches": 37,
        "total": 90,
        "accuracy": 0.4111111111111111
    },
    "mean": {
        "matches": 31658,
        "total": 57350,
        "accuracy": 0.5520139494333043
    }
}