{
    "244.9": {
        "matches": 74,
        "total": 1275,
        "accuracy": 0.05803921568627451
    },
    "250.00": {
        "matches": 169,
        "total": 1875,
        "accuracy": 0.09013333333333333
    },
    "272.4": {
        "matches": 277,
        "total": 3285,
        "accuracy": 0.08432267884322679
    },
    "33.24": {
        "matches": 68,
        "total": 625,
        "accuracy": 0.1088
    },
    "38.93": {
        "matches": 68,
        "total": 2090,
        "accuracy": 0.03253588516746411
    },
    "427.31": {
        "matches": 396,
        "total": 2465,
        "accuracy": 0.16064908722109533
    },
    "507.0": {
        "matches": 96,
        "total": 550,
        "accuracy": 0.17454545454545456
    },
    "518.81": {
        "matches": 221,
        "total": 1510,
        "accuracy": 0.14635761589403973
    },
    "530.81": {
        "matches": 153,
        "total": 1610,
        "accuracy": 0.09503105590062112
    },
    "96.04": {
        "matches": 163,
        "total": 1820,
        "accuracy": 0.08956043956043956
    },
    "96.6": {
        "matches": 90,
        "total": 1515,
        "accuracy": 0.0594059405940594
    },
    "96.72": {
        "matches": 76,
        "total": 1010,
        "accuracy": 0.07524752475247524
    },
    "37.22": {
        "matches": 210,
        "total": 680,
        "accuracy": 0.3088235294117647
    },
    "37.23": {
        "matches": 106,
        "total": 315,
        "accuracy": 0.33650793650793653
    },
    "401.9": {
        "matches": 492,
        "total": 4490,
        "accuracy": 0.10957683741648107
    },
    "412": {
        "matches": 82,
        "total": 780,
        "accuracy": 0.10512820512820513
    },
    "88.56": {
        "matches": 208,
        "total": 805,
        "accuracy": 0.25838509316770186
    },
    "V58.61": {
        "matches": 221,
        "total": 1445,
        "accuracy": 0.15294117647058825
    },
    "39.95": {
        "matches": 62,
        "total": 385,
        "accuracy": 0.16103896103896104
    },
    "410.71": {
        "matches": 49,
        "total": 440,
        "accuracy": 0.11136363636363636
    },
    "414.01": {
        "matches": 673,
        "total": 2135,
        "accuracy": 0.3152224824355972
    },
    "424.0": {
        "matches": 154,
        "total": 485,
        "accuracy": 0.31752577319587627
    },
    "428.0": {
        "matches": 421,
        "total": 2035,
        "accuracy": 0.20687960687960688
    },
    "486": {
        "matches": 162,
        "total": 840,
        "accuracy": 0.19285714285714287
    },
    "599.0": {
        "matches": 111,
        "total": 1565,
        "accuracy": 0.07092651757188498
    },
    "305.1": {
        "matches": 52,
        "total": 1035,
        "accuracy": 0.050241545893719805
    },
    "45.13": {
        "matches": 140,
        "total": 875,
        "accuracy": 0.16
    },
    "99.04": {
        "matches": 57,
        "total": 660,
        "accuracy": 0.08636363636363636
    },
    "88.72": {
        "matches": 48,
        "total": 325,
        "accuracy": 0.1476923076923077
    },
    "285.1": {
        "matches": 155,
        "total": 935,
        "accuracy": 0.1657754010695187
    },
    "311": {
        "matches": 138,
        "total": 1260,
        "accuracy": 0.10952380952380952
    },
    "403.90": {
        "matches": 245,
        "total": 1340,
        "accuracy": 0.1828358208955224
    },
    "584.9": {
        "matches": 368,
        "total": 1870,
        "accuracy": 0.19679144385026737
    },
    "585.9": {
        "matches": 153,
        "total": 980,
        "accuracy": 0.15612244897959185
    },
    "V45.81": {
        "matches": 108,
        "total": 615,
        "accuracy": 0.17560975609756097
    },
    "272.0": {
        "matches": 35,
        "total": 775,
        "accuracy": 0.04516129032258064
    },
    "496": {
        "matches": 161,
        "total": 1005,
        "accuracy": 0.16019900497512438
    },
    "511.9": {
        "matches": 110,
        "total": 600,
        "accuracy": 0.18333333333333332
    },
    "99.15": {
        "matches": 43,
        "total": 435,
        "accuracy": 0.09885057471264368
    },
    "36.15": {
        "matches": 364,
        "total": 720,
        "accuracy": 0.5055555555555555
    },
    "39.61": {
        "matches": 591,
        "total": 1195,
        "accuracy": 0.49456066945606697
    },
    "276.1": {
        "matches": 99,
        "total": 570,
        "accuracy": 0.1736842105263158
    },
    "96.71": {
        "matches": 235,
        "total": 1775,
        "accuracy": 0.1323943661971831
    },
    "276.2": {
        "matches": 76,
        "total": 510,
        "accuracy": 0.14901960784313725
    },
    "285.9": {
        "matches": 18,
        "total": 500,
        "accuracy": 0.036
    },
    "287.5": {
        "matches": 92,
        "total": 680,
        "accuracy": 0.13529411764705881
    },
    "V15.82": {
        "matches": 15,
        "total": 500,
        "accuracy": 0.03
    },
    "038.9": {
        "matches": 176,
        "total": 985,
        "accuracy": 0.17868020304568527
    },
    "995.92": {
        "matches": 210,
        "total": 1085,
        "accuracy": 0.1935483870967742
    },
    "38.91": {
        "matches": 3,
        "total": 90,
        "accuracy": 0.03333333333333333
    },
    "mean": {
        "matches": 8494,
        "total": 57350,
        "accuracy": 0.14810810810810812
    }
}