{
    "244.9": {
        "matches": 381,
        "total": 1275,
        "accuracy": 0.2988235294117647
    },
    "250.00": {
        "matches": 633,
        "total": 1875,
        "accuracy": 0.3376
    },
    "272.4": {
        "matches": 1304,
        "total": 3285,
        "accuracy": 0.3969558599695586
    },
    "33.24": {
        "matches": 209,
        "total": 625,
        "accuracy": 0.3344
    },
    "38.93": {
        "matches": 910,
        "total": 2090,
        "accuracy": 0.4354066985645933
    },
    "427.31": {
        "matches": 1202,
        "total": 2465,
        "accuracy": 0.4876267748478702
    },
    "507.0": {
        "matches": 280,
        "total": 550,
        "accuracy": 0.509090909090909
    },
    "518.81": {
        "matches": 744,
        "total": 1510,
        "accuracy": 0.49271523178807947
    },
    "530.81": {
        "matches": 609,
        "total": 1610,
        "accuracy": 0.3782608695652174
    },
    "96.04": {
        "matches": 855,
        "total": 1820,
        "accuracy": 0.4697802197802198
    },
    "96.6": {
        "matches": 674,
        "total": 1515,
        "accuracy": 0.4448844884488449
    },
    "96.72": {
        "matches": 430,
        "total": 1010,
        "accuracy": 0.42574257425742573
    },
    "37.22": {
        "matches": 426,
        "total": 680,
        "accuracy": 0.6264705882352941
    },
    "37.23": {
        "matches": 214,
        "total": 315,
        "accuracy": 0.6793650793650794
    },
    "401.9": {
        "matches": 1808,
        "total": 4490,
        "accuracy": 0.4026726057906459
    },
    "412": {
        "matches": 346,
        "total": 780,
        "accuracy": 0.44358974358974357
    },
    "88.56": {
        "matches": 485,
        "total": 805,
        "accuracy": 0.6024844720496895
    },
    "V58.61": {
        "matches": 733,
        "total": 1445,
        "accuracy": 0.5072664359861592
    },
    "39.95": {
        "matches": 227,
        "total": 385,
        "accuracy": 0.5896103896103896
    },
    "410.71": {
        "matches": 170,
        "total": 440,
        "accuracy": 0.38636363636363635
    },
    "414.01": {
        "matches": 1207,
        "total": 2135,
        "accuracy": 0.5653395784543326
    },
    "424.0": {
        "matches": 315,
        "total": 485,
        "accuracy": 0.6494845360824743
    },
    "428.0": {
        "matches": 948,
        "total": 2035,
        "accuracy": 0.46584766584766585
    },
    "486": {
        "matches": 390,
        "total": 840,
        "accuracy": 0.4642857142857143
    },
    "599.0": {
        "matches": 571,
        "total": 1565,
        "accuracy": 0.3648562300319489
    },
    "305.1": {
        "matches": 303,
        "total": 1035,
        "accuracy": 0.2927536231884058
    },
    "45.13": {
        "matches": 511,
        "total": 875,
        "accuracy": 0.584
    },
    "99.04": {
        "matches": 229,
        "total": 660,
        "accuracy": 0.346969696969697
    },
    "88.72": {
        "matches": 139,
        "total": 325,
        "accuracy": 0.4276923076923077
    },
    "285.1": {
        "matches": 438,
        "total": 935,
        "accuracy": 0.46844919786096256
    },
    "311": {
        "matches": 490,
        "total": 1260,
        "accuracy": 0.3888888888888889
    },
    "403.90": {
        "matches": 582,
        "total": 1340,
        "accuracy": 0.4343283582089552
    },
    "584.9": {
        "matches": 770,
        "total": 1870,
        "accuracy": 0.4117647058823529
    },
    "585.9": {
        "matches": 402,
        "total": 980,
        "accuracy": 0.41020408163265304
    },
    "V45.81": {
        "matches": 263,
        "total": 615,
        "accuracy": 0.4276422764227642
    },
    "272.0": {
        "matches": 245,
        "total": 775,
        "accuracy": 0.3161290322580645
    },
    "496": {
        "matches": 448,
        "total": 1005,
        "accuracy": 0.445771144278607
    },
    "511.9": {
        "matches": 351,
        "total": 600,
        "accuracy": 0.585
    },
    "99.15": {
        "matches": 193,
        "total": 435,
        "accuracy": 0.4436781609195402
    },
    "36.15": {
        "matches": 454,
        "total": 720,
        "accuracy": 0.6305555555555555
    },
    "39.61": {
        "matches": 839,
        "total": 1195,
        "accuracy": 0.7020920502092051
    },
    "276.1": {
        "matches": 220,
        "total": 570,
        "accuracy": 0.38596491228070173
    },
    "96.71": {
        "matches": 801,
        "total": 1775,
        "accuracy": 0.4512676056338028
    },
    "276.2": {
        "matches": 203,
        "total": 510,
        "accuracy": 0.3980392156862745
    },
    "285.9": {
        "matches": 154,
        "total": 500,
        "accuracy": 0.308
    },
    "287.5": {
        "matches": 224,
        "total": 680,
        "accuracy": 0.32941176470588235
    },
    "V15.82": {
        "matches": 98,
        "total": 500,
        "accuracy": 0.196
    },
    "038.9": {
        "matches": 411,
        "total": 985,
        "accuracy": 0.41725888324873095
    },
    "995.92": {
        "matches": 443,
        "total": 1085,
        "accuracy": 0.40829493087557606
    },
    "38.91": {
        "matches": 30,
        "total": 90,
        "accuracy": 0.3333333333333333
    },
    "mean": {
        "matches": 25312,
        "total": 57350,
        "accuracy": 0.4413600697471665
    }
}