{
    "244.9": {
        "matches": 386,
        "total": 1275,
        "accuracy": 0.3027450980392157
    },
    "250.00": {
        "matches": 658,
        "total": 1875,
        "accuracy": 0.3509333333333333
    },
    "272.4": {
        "matches": 1208,
        "total": 3285,
        "accuracy": 0.36773211567732117
    },
    "33.24": {
        "matches": 267,
        "total": 625,
        "accuracy": 0.4272
    },
    "38.93": {
        "matches": 1270,
        "total": 2090,
        "accuracy": 0.6076555023923444
    },
    "427.31": {
        "matches": 1149,
        "total": 2465,
        "accuracy": 0.46612576064908723
    },
    "507.0": {
        "matches": 324,
        "total": 550,
        "accuracy": 0.5890909090909091
    },
    "518.81": {
        "matches": 864,
        "total": 1510,
        "accuracy": 0.5721854304635762
    },
    "530.81": {
        "matches": 487,
        "total": 1610,
        "accuracy": 0.3024844720496894
    },
    "96.04": {
        "matches": 1072,
        "total": 1820,
        "accuracy": 0.589010989010989
    },
    "96.6": {
        "matches": 919,
        "total": 1515,
        "accuracy": 0.6066006600660065
    },
    "96.72": {
        "matches": 551,
        "total": 1010,
        "accuracy": 0.5455445544554456
    },
    "37.22": {
        "matches": 513,
        "total": 680,
        "accuracy": 0.7544117647058823
    },
    "37.23": {
        "matches": 236,
        "total": 315,
        "accuracy": 0.7492063492063492
    },
    "401.9": {
        "matches": 1811,
        "total": 4490,
        "accuracy": 0.40334075723830737
    },
    "412": {
        "matches": 317,
        "total": 780,
        "accuracy": 0.4064102564102564
    },
    "88.56": {
        "matches": 572,
        "total": 805,
        "accuracy": 0.7105590062111802
    },
    "V58.61": {
        "matches": 791,
        "total": 1445,
        "accuracy": 0.5474048442906574
    },
    "39.95": {
        "matches": 259,
        "total": 385,
        "accuracy": 0.6727272727272727
    },
    "410.71": {
        "matches": 190,
        "total": 440,
        "accuracy": 0.4318181818181818
    },
    "414.01": {
        "matches": 1260,
        "total": 2135,
        "accuracy": 0.5901639344262295
    },
    "424.0": {
        "matches": 301,
        "total": 485,
        "accuracy": 0.6206185567010309
    },
    "428.0": {
        "matches": 1009,
        "total": 2035,
        "accuracy": 0.4958230958230958
    },
    "486": {
        "matches": 409,
        "total": 840,
        "accuracy": 0.4869047619047619
    },
    "599.0": {
        "matches": 572,
        "total": 1565,
        "accuracy": 0.36549520766773164
    },
    "305.1": {
        "matches": 296,
        "total": 1035,
        "accuracy": 0.28599033816425123
    },
    "45.13": {
        "matches": 568,
        "total": 875,
        "accuracy": 0.6491428571428571
    },
    "99.04": {
        "matches": 318,
        "total": 660,
        "accuracy": 0.4818181818181818
    },
    "88.72": {
        "matches": 154,
        "total": 325,
        "accuracy": 0.47384615384615386
    },
    "285.1": {
        "matches": 508,
        "total": 935,
        "accuracy": 0.5433155080213904
    },
    "311": {
        "matches": 471,
        "total": 1260,
        "accuracy": 0.3738095238095238
    },
    "403.90": {
        "matches": 600,
        "total": 1340,
        "accuracy": 0.44776119402985076
    },
    "584.9": {
        "matches": 820,
        "total": 1870,
        "accuracy": 0.4385026737967914
    },
    "585.9": {
        "matches": 444,
        "total": 980,
        "accuracy": 0.4530612244897959
    },
    "V45.81": {
        "matches": 277,
        "total": 615,
        "accuracy": 0.4504065040650406
    },
    "272.0": {
        "matches": 225,
        "total": 775,
        "accuracy": 0.2903225806451613
    },
    "496": {
        "matches": 439,
        "total": 1005,
        "accuracy": 0.4368159203980099
    },
    "511.9": {
        "matches": 354,
        "total": 600,
        "accuracy": 0.59
    },
    "99.15": {
        "matches": 197,
        "total": 435,
        "accuracy": 0.4528735632183908
    },
    "36.15": {
        "matches": 494,
        "total": 720,
        "accuracy": 0.6861111111111111
    },
    "39.61": {
        "matches": 934,
        "total": 1195,
        "accuracy": 0.7815899581589958
    },
    "276.1": {
        "matches": 250,
        "total": 570,
        "accuracy": 0.43859649122807015
    },
    "96.71": {
        "matches": 926,
        "total": 1775,
        "accuracy": 0.5216901408450704
    },
    "276.2": {
        "matches": 229,
        "total": 510,
        "accuracy": 0.44901960784313727
    },
    "285.9": {
        "matches": 206,
        "total": 500,
        "accuracy": 0.412
    },
    "287.5": {
        "matches": 264,
        "total": 680,
        "accuracy": 0.38823529411764707
    },
    "V15.82": {
        "matches": 107,
        "total": 500,
        "accuracy": 0.214
    },
    "038.9": {
        "matches": 471,
        "total": 985,
        "accuracy": 0.4781725888324873
    },
    "995.92": {
        "matches": 510,
        "total": 1085,
        "accuracy": 0.4700460829493088
    },
    "38.91": {
        "matches": 46,
        "total": 90,
        "accuracy": 0.5111111111111111
    },
    "mean": {
        "matches": 27503,
        "total": 57350,
        "accuracy": 0.4795640802092415
    }
}